日期,开盘,收盘,高,低,涨跌幅
2016/1/21,2.683,2.7,2.703,2.68,0.78%
2016/1/22,2.705,2.689,2.705,2.682,-0.41%
2016/1/25,2.75,2.694,2.75,2.68,0.19%
2016/1/26,2.703,2.738,2.74,2.69,1.63%
2016/1/27,2.763,2.774,2.783,2.763,1.31%
2016/1/28,2.78,2.796,2.796,2.77,0.79%
2016/1/29,2.8,2.789,2.8,2.787,-0.25%
2016/2/1,2.79,2.759,2.79,2.7,-1.08%
2016/2/2,2.775,2.732,2.775,2.727,-0.98%
2016/2/3,2.755,2.747,2.755,2.743,0.55%
2016/2/4,2.758,2.746,2.758,2.742,-0.04%
2016/2/5,2.758,2.731,2.758,2.73,-0.55%
2016/2/6,2.731,2.731,2.731,2.731,0.00%
2016/2/14,2.75,2.734,2.755,2.734,0.11%
2016/2/15,2.748,2.689,2.748,2.687,-1.65%
2016/2/16,2.697,2.684,2.698,2.681,-0.19%
2016/2/17,2.697,2.702,2.717,2.697,0.67%
2016/2/18,2.717,2.706,2.717,2.7,0.15%
2016/2/19,2.72,2.696,2.72,2.694,-0.37%
2016/2/22,2.75,2.692,2.75,2.67,-0.15%
2016/2/23,2.718,2.678,2.718,2.673,-0.52%
2016/2/24,2.685,2.673,2.693,2.657,-0.19%
2016/2/25,2.683,2.664,2.683,2.66,-0.34%
2016/2/26,2.687,2.668,2.697,2.663,0.15%
2016/2/29,2.72,2.655,2.72,2.65,-0.49%
2016/3/1,2.68,2.65,2.68,2.637,-0.19%
2016/3/2,2.668,2.632,2.668,2.621,-0.68%
2016/3/3,2.64,2.629,2.64,2.628,-0.11%
2016/3/4,2.648,2.64,2.648,2.636,0.42%
2016/3/7,2.68,2.638,2.69,2.637,-0.08%
2016/3/8,2.66,2.651,2.67,2.651,0.49%
2016/3/9,2.673,2.657,2.673,2.653,0.23%
2016/3/10,2.658,2.62,2.658,2.62,-1.39%
2016/3/11,2.64,2.609,2.64,2.606,-0.42%
2016/3/14,2.6,2.585,2.65,2.585,-0.92%
2016/3/15,2.59,2.586,2.597,2.586,0.04%
2016/3/16,2.595,2.6,2.606,2.593,0.54%
2016/3/17,2.618,2.579,2.618,2.579,-0.81%
2016/3/18,2.588,2.588,2.59,2.567,0.35%
2016/3/21,2.58,2.562,2.58,2.562,-1.00%
2016/3/22,2.575,2.58,2.582,2.563,0.70%
2016/3/23,2.597,2.58,2.597,2.567,0.00%
2016/3/24,2.593,2.575,2.593,2.571,-0.19%
2016/3/25,2.58,2.56,2.58,2.548,-0.58%
2016/3/28,2.55,2.537,2.55,2.533,-0.90%
2016/3/29,2.55,2.542,2.55,2.54,0.20%
2016/3/30,2.55,2.551,2.552,2.53,0.35%
2016/3/31,2.563,2.531,2.563,2.527,-0.78%
2016/4/1,2.553,2.521,2.553,2.52,-0.40%
2016/4/4,2.521,2.521,2.521,2.521,0.00%
2016/4/5,2.54,2.524,2.54,2.51,0.12%
2016/4/6,2.54,2.531,2.545,2.53,0.28%
2016/4/7,2.55,2.561,2.564,2.543,1.19%
2016/4/8,2.57,2.563,2.575,2.561,0.08%
2016/4/11,2.6,2.579,2.6,2.577,0.62%
2016/4/12,2.595,2.583,2.595,2.577,0.16%
2016/4/13,2.603,2.604,2.608,2.593,0.81%
2016/4/14,2.63,2.651,2.651,2.613,1.80%
2016/4/15,2.638,2.673,2.698,2.638,0.83%
2016/4/18,2.7,2.692,2.7,2.68,0.71%
2016/4/19,2.7,2.677,2.7,2.677,-0.56%
2016/4/20,2.68,2.677,2.697,2.677,0.00%
2016/4/21,2.723,2.727,2.728,2.707,1.87%
2016/4/22,2.747,2.71,2.747,2.71,-0.62%
2016/4/25,2.73,2.728,2.73,2.728,0.66%
2016/4/26,2.76,2.808,2.808,2.76,2.93%
2016/4/27,2.79,2.787,2.79,2.787,-0.75%
2016/4/28,2.787,2.77,2.787,2.767,-0.61%
2016/4/29,2.777,2.769,2.777,2.769,-0.04%
2016/5/3,2.77,2.762,2.77,2.76,-0.25%
2016/5/4,2.765,2.751,2.765,2.747,-0.40%
2016/5/5,2.767,2.716,2.767,2.712,-1.27%
2016/5/6,2.733,2.714,2.733,2.71,-0.07%
2016/5/9,2.75,2.722,2.75,2.72,0.29%
2016/5/10,2.723,2.688,2.723,2.687,-1.25%
2016/5/11,2.71,2.693,2.71,2.689,0.19%
2016/5/12,2.717,2.697,2.717,2.69,0.15%
2016/5/13,2.713,2.684,2.713,2.684,-0.48%
2016/5/16,2.7,2.681,2.7,2.68,-0.11%
2016/5/17,2.703,2.676,2.703,2.676,-0.19%
2016/5/18,2.703,2.694,2.707,2.691,0.67%
2016/5/19,2.723,2.73,2.74,2.718,1.34%
2016/5/20,2.753,2.723,2.753,2.723,-0.26%
2016/5/21,2.76,2.72,2.76,2.72,-0.11%
2016/5/23,2.77,2.756,2.77,2.75,1.32%
2016/5/24,2.775,2.761,2.775,2.758,0.18%
2016/5/25,2.775,2.757,2.775,2.752,-0.14%
2016/5/26,2.768,2.766,2.77,2.764,0.33%
2016/5/27,2.778,2.769,2.778,2.765,0.11%
2016/5/30,2.78,2.776,2.78,2.748,0.25%
2016/5/31,2.78,2.767,2.78,2.766,-0.32%
2016/6/1,2.767,2.766,2.767,2.76,-0.04%
2016/6/2,2.778,2.771,2.778,2.765,0.18%
2016/6/3,2.778,2.783,2.784,2.77,0.43%
2016/6/6,2.8,2.787,2.8,2.755,0.14%
2016/6/7,2.793,2.777,2.793,2.774,-0.36%
2016/6/8,2.795,2.784,2.795,2.78,0.25%
2016/6/11,2.784,2.784,2.784,2.784,0.00%
2016/6/12,2.816,2.816,2.816,2.816,1.15%
2016/6/13,2.84,2.811,2.84,2.807,-0.18%
2016/6/14,2.817,2.811,2.827,2.794,0.00%
2016/6/15,2.825,2.788,2.825,2.785,-0.82%
2016/6/16,2.808,2.779,2.808,2.776,-0.32%
2016/6/17,2.798,2.769,2.798,2.766,-0.36%
2016/6/20,2.76,2.771,2.78,2.76,0.07%
2016/6/21,2.785,2.777,2.785,2.772,0.22%
2016/6/22,2.793,2.781,2.793,2.767,0.14%
2016/6/23,2.777,2.759,2.793,2.758,-0.79%
2016/6/24,2.778,2.757,2.778,2.748,-0.07%
2016/6/27,2.72,2.715,2.72,2.64,-1.52%
2016/6/28,2.71,2.689,2.72,2.68,-0.96%
2016/6/29,2.69,2.7,2.7,2.69,0.41%
2016/6/30,2.705,2.7,2.705,2.688,0.00%
2016/7/1,2.698,2.687,2.72,2.678,-0.48%
2016/7/3,2.66,2.66,2.66,2.66,-1.00%
2016/7/4,2.66,2.671,2.68,2.655,0.41%
2016/7/5,2.68,2.69,2.693,2.68,0.71%
2016/7/6,2.699,2.688,2.7,2.687,-0.07%
2016/7/7,2.684,2.667,2.713,2.657,-0.78%
2016/7/8,2.661,2.652,2.673,2.646,-0.56%
2016/7/10,2.65,2.65,2.65,2.65,-0.08%
2016/7/11,2.65,2.663,2.675,2.65,0.49%
2016/7/12,2.69,2.673,2.69,2.672,0.38%
2016/7/13,2.69,2.694,2.696,2.683,0.79%
2016/7/14,2.7,2.701,2.704,2.698,0.26%
2016/7/15,2.705,2.694,2.723,2.689,-0.26%
2016/7/18,2.705,2.692,2.723,2.675,-0.07%
2016/7/19,2.689,2.685,2.697,2.679,-0.26%
2016/7/20,2.684,2.668,2.693,2.667,-0.63%
2016/7/21,2.685,2.63,2.685,2.628,-1.42%
2016/7/22,2.628,2.62,2.638,2.619,-0.38%
2016/7/25,2.65,2.619,2.65,2.618,-0.04%
2016/7/26,2.618,2.608,2.625,2.608,-0.42%
2016/7/27,2.627,2.632,2.632,2.613,0.92%
2016/7/28,2.65,2.613,2.65,2.613,-0.72%
2016/7/29,2.64,2.606,2.64,2.602,-0.27%
2016/8/1,2.6,2.606,2.64,2.6,0.00%
2016/8/2,2.607,2.599,2.617,2.599,-0.27%
2016/8/3,2.604,2.605,2.617,2.598,0.23%
2016/8/4,2.605,2.604,2.613,2.595,-0.04%
2016/8/5,2.623,2.597,2.623,2.597,-0.27%
2016/8/6,2.597,2.597,2.597,2.597,0.00%
2016/8/8,2.57,2.58,2.585,2.568,-0.65%
2016/8/9,2.597,2.581,2.597,2.575,0.04%
2016/8/10,2.617,2.56,2.617,2.542,-0.81%
2016/8/11,2.563,2.534,2.563,2.533,-1.02%
2016/8/12,2.538,2.523,2.553,2.523,-0.43%
2016/8/13,2.523,2.523,2.523,2.523,0.00%
2016/8/14,2.523,2.523,2.523,2.523,0.00%
2016/8/15,2.538,2.516,2.553,2.455,-0.28%
2016/8/16,2.512,2.508,2.518,2.5,-0.32%
2016/8/17,2.512,2.52,2.523,2.507,0.48%
2016/8/18,2.522,2.517,2.528,2.513,-0.12%
2016/8/19,2.525,2.534,2.538,2.522,0.68%
2016/8/22,2.59,2.54,2.59,2.53,0.24%
2016/8/23,2.553,2.555,2.555,2.54,0.59%
2016/8/24,2.573,2.577,2.583,2.56,0.86%
2016/8/25,2.6,2.588,2.6,2.56,0.43%
2016/8/26,2.601,2.583,2.601,2.583,-0.19%
2016/8/29,2.6,2.583,2.6,2.567,0.00%
2016/8/30,2.59,2.588,2.59,2.58,0.19%
2016/8/31,2.6,2.594,2.603,2.594,0.23%
2016/9/1,2.6,2.593,2.6,2.593,-0.04%
2016/9/2,2.597,2.586,2.597,2.573,-0.27%
2016/9/5,2.6,2.593,2.6,2.585,0.27%
2016/9/6,2.59,2.594,2.595,2.565,0.04%
2016/9/7,2.593,2.593,2.593,2.585,-0.04%
2016/9/8,2.582,2.593,2.593,2.58,0.00%
2016/9/9,2.59,2.588,2.593,2.58,-0.19%
2016/9/12,2.558,2.582,2.583,2.497,-0.23%
2016/9/13,2.583,2.589,2.594,2.583,0.27%
2016/9/14,2.585,2.581,2.593,2.581,-0.31%
2016/9/15,2.58,2.582,2.582,2.58,0.04%
2016/9/16,2.559,2.561,2.561,2.432,-0.81%
2016/9/17,2.561,2.561,2.561,2.561,0.00%
2016/9/18,2.595,2.595,2.595,2.595,1.33%
2016/9/19,2.597,2.588,2.597,2.585,-0.27%
2016/9/20,2.597,2.576,2.597,2.573,-0.46%
2016/9/21,2.585,2.579,2.585,2.572,0.12%
2016/9/22,2.587,2.574,2.587,2.574,-0.19%
2016/9/23,2.582,2.568,2.582,2.557,-0.23%
2016/9/24,2.568,2.568,2.568,2.568,0.00%
2016/9/25,2.568,2.568,2.568,2.568,0.00%
2016/9/26,2.58,2.559,2.58,2.55,-0.35%
2016/9/27,2.58,2.561,2.58,2.561,0.08%
2016/9/28,2.575,2.563,2.575,2.558,0.08%
2016/9/29,2.577,2.57,2.577,2.567,0.27%
2016/9/30,2.575,2.565,2.575,2.565,-0.19%
2016/10/8,2.552,2.552,2.552,2.552,-0.51%
2016/10/9,2.542,2.542,2.542,2.542,-0.39%
2016/10/10,2.568,2.535,2.568,2.53,-0.28%
2016/10/11,2.545,2.532,2.545,2.532,-0.12%
2016/10/12,2.558,2.53,2.558,2.53,-0.08%
2016/10/13,2.547,2.528,2.547,2.528,-0.08%
2016/10/14,2.55,2.52,2.55,2.52,-0.32%
2016/10/15,2.52,2.52,2.52,2.52,0.00%
2016/10/17,2.56,2.484,2.56,2.484,-1.43%
2016/10/18,2.503,2.478,2.503,2.478,-0.24%
2016/10/19,2.503,2.467,2.503,2.467,-0.44%
2016/10/20,2.473,2.438,2.49,2.438,-1.18%
2016/10/21,2.45,2.42,2.45,2.385,-0.74%
2016/10/24,2.49,2.427,2.49,2.415,0.29%
2016/10/25,2.457,2.433,2.457,2.428,0.25%
2016/10/26,2.467,2.445,2.467,2.443,0.49%
2016/10/27,2.45,2.476,2.48,2.45,1.27%
2016/10/28,2.483,2.467,2.483,2.467,-0.36%
2016/10/30,2.471,2.41,2.471,2.41,-2.31%
2016/10/31,2.48,2.48,2.49,2.472,2.90%
2016/11/1,2.49,2.484,2.49,2.48,0.16%
2016/11/2,2.49,2.49,2.498,2.49,0.24%
2016/11/3,2.497,2.479,2.497,2.479,-0.44%
2016/11/4,2.482,2.48,2.49,2.476,0.04%
2016/11/7,2.5,2.492,2.5,2.48,0.48%
2016/11/8,2.502,2.508,2.508,2.49,0.64%
2016/11/9,2.54,2.508,2.54,2.507,0.00%
2016/11/10,2.52,2.534,2.534,2.52,1.04%
2016/11/11,2.546,2.536,2.546,2.527,0.08%
2016/11/14,2.57,2.574,2.59,2.56,1.50%
2016/11/15,2.57,2.61,2.62,2.57,1.40%
2016/11/16,2.613,2.619,2.619,2.61,0.34%
2016/11/17,2.625,2.643,2.643,2.625,0.92%
2016/11/18,2.643,2.681,2.688,2.643,1.44%
2016/11/21,2.7,2.683,2.7,2.67,0.07%
2016/11/22,2.69,2.686,2.695,2.686,0.11%
2016/11/23,2.657,2.674,2.685,2.655,-0.45%
2016/11/24,2.677,2.661,2.677,2.656,-0.49%
2016/11/25,2.663,2.668,2.677,2.663,0.26%
2016/11/28,2.67,2.661,2.67,2.656,-0.26%
2016/11/29,2.663,2.71,2.71,2.66,1.84%
2016/11/30,2.69,2.765,2.765,2.69,2.03%
2016/12/1,2.772,2.772,2.777,2.747,0.25%
2016/12/2,2.75,2.806,2.812,2.75,1.23%
2016/12/5,2.7,2.827,2.85,2.7,0.75%
2016/12/6,2.79,2.86,2.86,2.79,1.17%
2016/12/7,2.887,2.907,2.91,2.887,1.64%
2016/12/8,2.887,2.883,2.89,2.883,-0.83%
2016/12/9,2.883,2.877,2.883,2.877,-0.21%
2016/12/12,2.85,2.89,2.89,2.85,0.45%
2016/12/13,2.905,2.932,2.937,2.905,1.45%
2016/12/14,2.95,2.947,2.96,2.943,0.51%
2016/12/15,2.963,2.972,2.972,2.957,0.85%
2016/12/16,3.037,3.107,3.122,3.03,4.54%
2016/12/19,3.05,3.095,3.1,3.05,-0.39%
2016/12/20,3.11,3.187,3.187,3.11,2.97%
2016/12/21,3.207,3.207,3.222,3.2,0.63%
2016/12/22,3.188,3.14,3.188,3.14,-2.09%
2016/12/23,3.127,3.093,3.127,3.093,-1.50%
2016/12/26,3.02,3.017,3.04,3.006,-2.46%
2016/12/27,3.04,2.977,3.04,2.972,-1.33%
2016/12/28,2.987,2.962,3.002,2.962,-0.50%
2016/12/29,2.967,2.942,2.967,2.942,-0.68%
2016/12/30,2.924,2.883,2.924,2.883,-2.01%
2017/1/3,2.9,2.899,2.9,2.882,0.55%
2017/1/4,2.919,2.927,2.932,2.917,0.97%
2017/1/5,2.957,2.969,2.986,2.947,1.43%
2017/1/6,2.991,2.974,2.991,2.958,0.17%
2017/1/9,2.96,2.975,3.005,2.96,0.03%
2017/1/10,2.96,2.958,2.96,2.945,-0.57%
2017/1/11,2.96,2.956,2.963,2.946,-0.07%
2017/1/12,2.972,2.97,2.98,2.963,0.47%
2017/1/13,2.982,2.975,2.982,2.968,0.17%
2017/1/16,2.96,2.984,2.984,2.955,0.30%
2017/1/17,2.996,2.99,3.015,2.99,0.20%
2017/1/18,2.993,2.993,3,2.99,0.10%
2017/1/19,3.011,2.989,3.011,2.988,-0.13%
2017/1/20,3.011,2.993,3.013,2.993,0.13%
2017/1/22,2.98,2.98,2.98,2.98,-0.43%
2017/1/23,2.99,2.977,2.99,2.977,-0.10%
2017/1/24,2.977,2.97,2.977,2.963,-0.24%
2017/1/25,3.01,2.993,3.01,2.987,0.77%
2017/1/26,3.025,3.037,3.037,3.025,1.47%
2017/1/27,3.037,3.037,3.037,3.037,0.00%
2017/2/3,3,3.043,3.056,3,0.20%
2017/2/4,3.077,3.077,3.077,3.077,1.12%
2017/2/6,3.124,3.118,3.124,3.092,1.33%
2017/2/7,3.121,3.113,3.121,3.113,-0.16%
2017/2/8,3.118,3.113,3.118,3.113,0.00%
2017/2/9,3.111,3.11,3.119,3.11,-0.10%
2017/2/10,3.118,3.087,3.118,3.087,-0.74%
2017/2/13,3.1,3.074,3.1,3.07,-0.42%
2017/2/14,3.089,3.053,3.089,3.053,-0.68%
2017/2/15,3.063,3.067,3.073,3.062,0.46%
2017/2/16,3.08,3.073,3.082,3.073,0.20%
2017/2/17,3.078,3.07,3.078,3.07,-0.10%
2017/2/20,3.04,3.033,3.053,3.028,-1.21%
2017/2/21,3.014,3.004,3.014,3.004,-0.96%
2017/2/22,3.02,3.01,3.02,3.003,0.20%
2017/2/23,3.005,3.007,3.036,2.998,-0.10%
2017/2/24,2.996,3.013,3.013,2.995,0.20%
2017/2/27,3.037,3.003,3.037,2.993,-0.33%
2017/2/28,3.002,3,3.002,2.98,-0.10%
2017/3/1,2.979,2.963,2.979,2.96,-1.23%
2017/3/2,2.983,2.959,2.998,2.954,-0.13%
2017/3/3,3.013,3.004,3.017,3.002,1.52%
2017/3/6,3.014,3.001,3.014,2.997,-0.10%
2017/3/7,3.005,3.008,3.008,3,0.23%
2017/3/8,3.011,3.012,3.022,2.999,0.13%
2017/3/9,3.012,2.993,3.012,2.993,-0.63%
2017/3/10,3.004,3.017,3.017,3.004,0.80%
2017/3/13,3.079,3.065,3.079,3.052,1.59%
2017/3/14,3.053,3.041,3.053,3.036,-0.78%
2017/3/15,3.05,3.058,3.058,3.047,0.56%
2017/3/16,3.057,3.04,3.057,3.034,-0.59%
2017/3/17,3.03,3.046,3.046,3.025,0.20%
2017/3/18,3.046,3.046,3.046,3.046,0.00%
2017/3/20,3.058,3.044,3.058,3.044,-0.07%
2017/3/21,3.046,3.056,3.056,3.046,0.39%
2017/3/22,3.068,3.075,3.078,3.068,0.62%
2017/3/23,3.082,3.081,3.082,3.075,0.20%
2017/3/24,3.104,3.099,3.104,3.099,0.58%
2017/3/26,3.099,3.099,3.099,3.099,0.00%
2017/3/27,3.05,3.064,3.065,3.05,-1.13%
2017/3/28,3.055,3.039,3.055,3.038,-0.82%
2017/3/29,3.076,3.069,3.076,3.048,0.99%
2017/3/30,3.065,3.089,3.092,3.065,0.65%
2017/3/31,3.092,3.085,3.093,3.085,-0.13%
2017/4/1,3.095,3.095,3.095,3.095,0.32%
2017/4/3,3.095,3.095,3.095,3.095,0.00%
2017/4/5,3.15,3.119,3.15,3.119,0.78%
2017/4/6,3.124,3.131,3.131,3.11,0.38%
2017/4/7,3.131,3.123,3.131,3.116,-0.26%
2017/4/10,3.18,3.131,3.18,3.11,0.26%
2017/4/11,3.136,3.14,3.14,3.128,0.29%
2017/4/12,3.15,3.159,3.161,3.135,0.61%
2017/4/13,3.154,3.181,3.181,3.146,0.70%
2017/4/14,3.173,3.187,3.187,3.173,0.19%
2017/4/17,3.22,3.211,3.23,3.189,0.75%
2017/4/18,3.224,3.262,3.275,3.224,1.59%
2017/4/19,3.272,3.286,3.286,3.263,0.74%
2017/4/20,3.282,3.287,3.297,3.282,0.03%
2017/4/21,3.285,3.297,3.298,3.273,0.30%
2017/4/22,3.297,3.297,3.297,3.297,0.00%
2017/4/24,3.35,3.34,3.35,3.338,1.30%
2017/4/25,3.34,3.382,3.382,3.332,1.26%
2017/4/26,3.36,3.348,3.36,3.347,-1.01%
2017/4/27,3.347,3.329,3.35,3.329,-0.57%
2017/4/28,3.323,3.347,3.352,3.323,0.54%
2017/5/2,3.35,3.362,3.364,3.34,0.45%
2017/5/3,3.354,3.385,3.4,3.354,0.68%
2017/5/4,3.393,3.435,3.453,3.385,1.48%
2017/5/5,3.448,3.483,3.492,3.448,1.40%
2017/5/7,3.483,3.483,3.483,3.483,0.00%
2017/5/8,3.523,3.518,3.523,3.486,1.00%
2017/5/9,3.528,3.576,3.576,3.528,1.65%
2017/5/10,3.58,3.616,3.62,3.568,1.12%
2017/5/11,3.597,3.698,3.713,3.597,2.27%
2017/5/12,3.698,3.661,3.698,3.661,-1.00%
2017/5/15,3.7,3.682,3.7,3.682,0.57%
2017/5/16,3.685,3.665,3.685,3.657,-0.46%
2017/5/17,3.665,3.679,3.679,3.665,0.38%
2017/5/18,3.683,3.708,3.708,3.683,0.79%
2017/5/19,3.7,3.689,3.7,3.688,-0.51%
2017/5/22,3.71,3.725,3.73,3.7,0.98%
2017/5/23,3.734,3.734,3.749,3.718,0.24%
2017/5/24,3.737,3.724,3.737,3.717,-0.27%
2017/5/25,3.727,3.687,3.727,3.677,-0.99%
2017/5/26,3.712,3.68,3.712,3.676,-0.19%
2017/5/27,3.673,3.673,3.673,3.673,-0.19%
2017/5/31,3.68,3.653,3.68,3.643,-0.54%
2017/6/1,3.677,3.598,3.677,3.595,-1.51%
2017/6/2,3.599,3.599,3.603,3.587,0.03%
2017/6/5,3.65,3.591,3.65,3.577,-0.22%
2017/6/6,3.583,3.59,3.6,3.583,-0.03%
2017/6/7,3.617,3.623,3.63,3.597,0.92%
2017/6/8,3.613,3.628,3.634,3.613,0.14%
2017/6/9,3.635,3.658,3.665,3.624,0.83%
2017/6/12,3.6,3.63,3.63,3.593,-0.77%
2017/6/13,3.623,3.588,3.623,3.569,-1.16%
2017/6/14,3.583,3.583,3.595,3.571,-0.14%
2017/6/15,3.594,3.568,3.594,3.545,-0.42%
2017/6/16,3.563,3.573,3.584,3.563,0.14%
2017/6/19,3.6,3.563,3.6,3.55,-0.28%
2017/6/20,3.551,3.493,3.551,3.489,-1.96%
2017/6/21,3.519,3.504,3.519,3.475,0.31%
2017/6/22,3.519,3.557,3.557,3.519,1.51%
2017/6/23,3.56,3.563,3.564,3.525,0.17%
2017/6/25,3.563,3.563,3.563,3.563,0.00%
2017/6/26,3.6,3.524,3.6,3.507,-1.09%
2017/6/27,3.524,3.494,3.524,3.492,-0.85%
2017/6/28,3.509,3.488,3.509,3.478,-0.17%
2017/6/29,3.483,3.489,3.495,3.478,0.03%
2017/6/30,3.49,3.502,3.507,3.49,0.37%
2017/7/1,3.502,3.502,3.502,3.502,0.00%
2017/7/2,3.502,3.502,3.502,3.502,0.00%
2017/7/3,3.51,3.524,3.524,3.489,0.63%
2017/7/4,3.535,3.551,3.557,3.535,0.77%
2017/7/5,3.555,3.541,3.555,3.535,-0.28%
2017/7/6,3.551,3.524,3.551,3.512,-0.48%
2017/7/7,3.542,3.506,3.542,3.501,-0.51%
2017/7/10,3.52,3.514,3.52,3.495,0.23%
2017/7/11,3.517,3.519,3.524,3.511,0.14%
2017/7/12,3.524,3.527,3.53,3.507,0.23%
2017/7/13,3.533,3.527,3.533,3.51,0.00%
2017/7/14,3.523,3.527,3.533,3.523,0.00%
2017/7/16,3.527,3.527,3.527,3.527,0.00%
2017/7/17,3.55,3.526,3.55,3.502,-0.03%
2017/7/18,3.534,3.536,3.543,3.53,0.28%
2017/7/19,3.545,3.567,3.568,3.545,0.88%
2017/7/20,3.577,3.564,3.577,3.553,-0.08%
2017/7/21,3.562,3.561,3.572,3.546,-0.08%
2017/7/24,3.56,3.556,3.56,3.543,-0.14%
2017/7/25,3.55,3.562,3.562,3.548,0.17%
2017/7/26,3.569,3.578,3.58,3.569,0.45%
2017/7/27,3.588,3.594,3.598,3.576,0.45%
2017/7/28,3.599,3.593,3.602,3.588,-0.03%
2017/7/29,3.593,3.593,3.593,3.593,0.00%
2017/7/31,3.57,3.574,3.576,3.55,-0.53%
2017/8/1,3.595,3.592,3.598,3.575,0.50%
2017/8/2,3.588,3.593,3.603,3.588,0.03%
2017/8/3,3.619,3.589,3.619,3.574,-0.11%
2017/8/4,3.609,3.583,3.609,3.576,-0.17%
2017/8/6,3.583,3.583,3.583,3.583,0.00%
2017/8/7,3.59,3.6,3.6,3.573,0.47%
2017/8/8,3.612,3.623,3.623,3.605,0.64%
2017/8/9,3.625,3.642,3.642,3.618,0.52%
2017/8/10,3.647,3.645,3.656,3.633,0.08%
2017/8/11,3.653,3.603,3.653,3.602,-1.15%
2017/8/14,3.65,3.595,3.65,3.589,-0.22%
2017/8/15,3.61,3.59,3.61,3.559,-0.14%
2017/8/16,3.609,3.588,3.609,3.583,-0.06%
2017/8/17,3.634,3.582,3.634,3.582,-0.17%
2017/8/18,3.603,3.598,3.603,3.575,0.45%
2017/8/21,3.65,3.603,3.65,3.6,0.14%
2017/8/22,3.632,3.616,3.632,3.603,0.36%
2017/8/23,3.622,3.616,3.638,3.583,0.00%
2017/8/24,3.639,3.608,3.639,3.606,-0.22%
2017/8/25,3.632,3.617,3.632,3.61,0.25%
2017/8/28,3.65,3.652,3.652,3.62,0.97%
2017/8/29,3.656,3.646,3.656,3.632,-0.16%
2017/8/30,3.686,3.637,3.686,3.637,-0.25%
2017/8/31,3.66,3.635,3.66,3.632,-0.05%
2017/9/1,3.641,3.634,3.648,3.633,-0.03%
2017/9/4,3.64,3.632,3.64,3.623,-0.06%
2017/9/5,3.665,3.649,3.665,3.633,0.47%
2017/9/6,3.663,3.641,3.663,3.641,-0.22%
2017/9/7,3.652,3.623,3.656,3.623,-0.49%
2017/9/8,3.623,3.601,3.63,3.601,-0.61%
2017/9/11,3.625,3.597,3.625,3.592,-0.11%
2017/9/12,3.618,3.595,3.618,3.595,-0.06%
2017/9/13,3.607,3.617,3.621,3.605,0.61%
2017/9/14,3.618,3.623,3.625,3.599,0.17%
2017/9/15,3.632,3.604,3.632,3.597,-0.52%
2017/9/18,3.61,3.626,3.631,3.61,0.61%
2017/9/19,3.621,3.642,3.642,3.615,0.44%
2017/9/20,3.648,3.632,3.648,3.625,-0.27%
2017/9/21,3.636,3.642,3.648,3.624,0.28%
2017/9/22,3.643,3.628,3.648,3.626,-0.38%
2017/9/23,3.639,3.615,3.639,3.615,-0.36%
2017/9/25,3.615,3.634,3.634,3.598,0.53%
2017/9/26,3.617,3.62,3.63,3.61,-0.39%
2017/9/27,3.625,3.622,3.625,3.618,0.06%
2017/9/28,3.643,3.615,3.643,3.61,-0.19%
2017/9/29,3.645,3.617,3.645,3.613,0.06%
2017/9/30,3.63,3.63,3.63,3.63,0.36%
2017/10/3,3.63,3.63,3.63,3.63,0.00%
2017/10/9,3.64,3.645,3.645,3.627,0.41%
2017/10/10,3.64,3.659,3.659,3.638,0.38%
2017/10/11,3.66,3.657,3.66,3.651,-0.05%
2017/10/12,3.671,3.673,3.673,3.653,0.44%
2017/10/13,3.67,3.677,3.68,3.665,0.11%
2017/10/16,3.75,3.71,3.75,3.7,0.90%
2017/10/17,3.717,3.76,3.77,3.717,1.35%
2017/10/18,3.767,3.77,3.786,3.763,0.27%
2017/10/19,3.78,3.755,3.78,3.747,-0.40%
2017/10/20,3.783,3.743,3.783,3.738,-0.32%
2017/10/22,3.743,3.743,3.743,3.743,0.00%
2017/10/23,3.78,3.745,3.78,3.744,0.05%
2017/10/24,3.775,3.747,3.775,3.745,0.05%
2017/10/25,3.77,3.782,3.786,3.76,0.93%
2017/10/26,3.816,3.839,3.846,3.796,1.51%
2017/10/27,3.86,3.852,3.86,3.832,0.34%
2017/10/29,3.852,3.852,3.852,3.852,0.00%
2017/10/30,3.925,3.941,3.96,3.9,2.31%
2017/10/31,3.945,3.963,3.969,3.913,0.56%
2017/11/1,3.974,3.92,3.974,3.92,-1.09%
2017/11/2,3.969,3.932,3.969,3.919,0.31%
2017/11/3,3.952,3.954,3.958,3.922,0.56%
2017/11/6,4,3.938,4,3.938,-0.40%
2017/11/7,3.95,3.968,3.98,3.935,0.76%
2017/11/8,4,3.963,4,3.94,-0.13%
2017/11/9,3.95,3.939,3.95,3.929,-0.61%
2017/11/10,3.99,3.965,3.99,3.95,0.66%
2017/11/11,3.965,3.908,3.965,3.908,-1.44%
2017/11/12,3.905,3.905,3.905,3.905,-0.08%
2017/11/13,3.92,3.94,3.967,3.92,0.90%
2017/11/14,3.93,3.935,3.98,3.925,-0.13%
2017/11/15,3.935,3.946,3.977,3.92,0.28%
2017/11/16,3.946,3.917,3.975,3.887,-0.73%
2017/11/17,3.917,3.899,3.927,3.894,-0.46%
2017/11/18,3.899,3.873,3.899,3.873,-0.67%
2017/11/19,3.87,3.87,3.87,3.87,-0.08%
2017/11/20,3.87,3.903,3.915,3.865,0.85%
2017/11/21,3.922,3.887,3.928,3.88,-0.41%
2017/11/22,3.892,3.92,3.928,3.888,0.85%
2017/11/23,3.92,3.925,3.948,3.9,0.13%
2017/11/24,3.927,3.897,3.927,3.897,-0.71%
2017/11/27,3.95,3.907,3.95,3.89,0.26%
2017/11/28,3.903,3.905,3.915,3.89,-0.05%
2017/11/29,3.91,3.904,3.917,3.882,-0.03%
2017/11/30,3.92,3.876,3.92,3.873,-0.72%
2017/12/1,3.941,3.888,3.941,3.85,0.31%
2017/12/2,3.888,3.888,3.888,3.888,0.00%
2017/12/3,3.85,3.85,3.85,3.85,-0.98%
2017/12/4,3.9,3.833,3.9,3.818,-0.44%
2017/12/5,3.881,3.828,3.881,3.828,-0.13%
2017/12/6,3.827,3.82,3.844,3.813,-0.21%
2017/12/7,3.887,3.833,3.887,3.818,0.34%
2017/12/8,3.86,3.85,3.86,3.833,0.44%
2017/12/11,3.95,3.88,3.95,3.875,0.78%
2017/12/12,3.905,3.959,3.961,3.898,2.04%
2017/12/13,3.967,3.952,3.967,3.952,-0.18%
2017/12/14,3.952,3.893,3.952,3.893,-1.49%
2017/12/15,3.95,3.89,3.95,3.873,-0.08%
2017/12/16,3.89,3.89,3.89,3.89,0.00%
2017/12/18,3.95,3.85,3.95,3.841,-1.03%
2017/12/19,3.881,3.835,3.881,3.835,-0.39%
2017/12/20,3.895,3.85,3.895,3.842,0.39%
2017/12/21,3.875,3.869,3.875,3.854,0.49%
2017/12/22,3.898,3.865,3.898,3.853,-0.10%
2017/12/25,3.9,3.851,3.9,3.825,-0.36%
2017/12/26,3.873,3.847,3.873,3.845,-0.10%
2017/12/27,3.847,3.863,3.863,3.847,0.42%
2017/12/28,3.863,3.87,3.873,3.86,0.18%
2017/12/29,3.87,3.86,3.875,3.86,-0.26%
2018/1/2,3.9,3.863,3.9,3.845,0.08%
2018/1/3,3.872,3.877,3.877,3.858,0.36%
2018/1/4,3.878,3.887,3.89,3.878,0.26%
2018/1/5,3.89,3.865,3.89,3.858,-0.57%
2018/1/8,3.88,3.837,3.92,3.823,-0.72%
2018/1/9,3.865,3.826,3.865,3.824,-0.29%
2018/1/10,3.859,3.847,3.859,3.825,0.55%
2018/1/11,3.889,3.867,3.89,3.853,0.52%
2018/1/12,3.87,3.876,3.887,3.865,0.23%
2018/1/15,3.88,3.887,3.893,3.855,0.28%
2018/1/16,3.895,3.883,3.895,3.878,-0.10%
2018/1/17,3.888,3.895,3.898,3.885,0.31%
2018/1/18,3.923,3.929,3.929,3.91,0.87%
2018/1/19,3.929,3.93,3.936,3.923,0.03%
2018/1/22,3.95,3.92,3.95,3.912,-0.25%
2018/1/23,3.922,3.883,3.922,3.878,-0.94%
2018/1/24,3.902,3.871,3.902,3.859,-0.31%
2018/1/25,3.884,3.867,3.884,3.858,-0.10%
2018/1/26,3.906,3.847,3.906,3.831,-0.52%
2018/1/29,3.89,3.852,3.89,3.838,0.13%
2018/1/30,3.881,3.848,3.881,3.844,-0.10%
2018/1/31,3.86,3.845,3.866,3.845,-0.08%
2018/2/1,3.888,3.841,3.888,3.82,-0.10%
2018/2/2,3.855,3.84,3.856,3.839,-0.03%
2018/2/5,3.9,3.865,3.9,3.838,0.65%
2018/2/6,3.895,3.851,3.895,3.84,-0.36%
2018/2/7,3.9,3.857,3.9,3.844,0.16%
2018/2/8,3.867,3.842,3.867,3.837,-0.39%
2018/2/9,3.868,3.852,3.868,3.825,0.26%
2018/2/11,3.852,3.838,3.852,3.824,-0.36%
2018/2/12,3.845,3.83,3.845,3.828,-0.21%
2018/2/13,3.835,3.83,3.835,3.818,0.00%
2018/2/14,3.83,3.831,3.849,3.83,0.03%
2018/2/18,3.831,3.831,3.831,3.831,0.00%
2018/2/22,3.88,3.82,3.88,3.815,-0.29%
2018/2/23,3.82,3.83,3.843,3.82,0.26%
2018/2/24,3.83,3.834,3.852,3.823,0.10%
2018/2/26,3.85,3.817,3.85,3.817,-0.44%
2018/2/27,3.816,3.793,3.819,3.781,-0.63%
2018/2/28,3.793,3.759,3.793,3.759,-0.90%
2018/3/1,3.762,3.72,3.771,3.713,-1.04%
2018/3/2,3.723,3.733,3.753,3.705,0.35%
2018/3/5,3.78,3.74,3.78,3.74,0.19%
2018/3/6,3.75,3.745,3.775,3.736,0.13%
2018/3/7,3.77,3.753,3.77,3.751,0.21%
2018/3/8,3.774,3.733,3.774,3.733,-0.53%
2018/3/9,3.743,3.711,3.743,3.711,-0.59%
2018/3/12,3.72,3.69,3.72,3.685,-0.57%
2018/3/13,3.71,3.703,3.71,3.693,0.35%
2018/3/14,3.715,3.709,3.715,3.703,0.16%
2018/3/15,3.728,3.706,3.728,3.694,-0.08%
2018/3/16,3.71,3.711,3.722,3.707,0.13%
2018/3/19,3.78,3.697,3.78,3.68,-0.38%
2018/3/20,3.785,3.689,3.785,3.68,-0.22%
2018/3/21,3.72,3.69,3.72,3.685,0.03%
2018/3/22,3.71,3.693,3.71,3.693,0.08%
2018/3/23,3.655,3.653,3.67,3.65,-1.08%
2018/3/26,3.65,3.63,3.65,3.613,-0.63%
2018/3/27,3.675,3.657,3.675,3.653,0.74%
2018/3/28,3.673,3.66,3.673,3.655,0.08%
2018/3/29,3.675,3.67,3.685,3.668,0.27%
2018/3/30,3.7,3.69,3.7,3.673,0.54%
2018/4/2,3.7,3.668,3.7,3.668,-0.60%
2018/4/3,3.66,3.663,3.665,3.638,-0.14%
2018/4/4,3.65,3.65,3.65,3.65,-0.35%
2018/4/7,3.65,3.65,3.65,3.65,0.00%
2018/4/8,3.65,3.7,3.7,3.65,1.37%
2018/4/9,3.65,3.631,3.67,3.623,-1.86%
2018/4/10,3.645,3.605,3.645,3.605,-0.72%
2018/4/11,3.645,3.608,3.645,3.608,0.08%
2018/4/12,3.618,3.57,3.618,3.57,-1.05%
2018/4/13,3.59,3.54,3.603,3.54,-0.84%
2018/4/16,3.55,3.472,3.55,3.46,-1.92%
2018/4/17,3.47,3.395,3.483,3.395,-2.22%
2018/4/18,3.4,3.327,3.4,3.3,-2.00%
2018/4/19,3.2,3.183,3.201,3.178,-4.33%
2018/4/20,3.221,3.242,3.242,3.215,1.85%
2018/4/23,3.269,3.22,3.269,3.213,-0.68%
2018/4/24,3.235,3.197,3.253,3.197,-0.71%
2018/4/25,3.195,3.2,3.21,3.17,0.09%
2018/4/26,3.2,3.203,3.25,3.167,0.09%
2018/4/27,3.177,3.187,3.187,3.17,-0.50%
2018/4/28,3.187,3.175,3.187,3.175,-0.38%
2018/5/2,3.2,3.127,3.2,3.127,-1.51%
2018/5/3,3.17,3.13,3.17,3.123,0.10%
2018/5/4,3.142,3.105,3.182,3.105,-0.80%
2018/5/7,3.1,3.068,3.1,3.065,-1.19%
2018/5/8,3.08,3.053,3.085,3.053,-0.49%
2018/5/9,3.07,3.065,3.07,3.065,0.39%
2018/5/10,3.12,3.064,3.12,3.062,-0.03%
2018/5/11,3.089,3.06,3.089,3.06,-0.13%
2018/5/14,3.1,3.051,3.1,3.051,-0.29%
2018/5/15,3.081,3.101,3.129,3.081,1.64%
2018/5/16,3.128,3.14,3.149,3.121,1.26%
2018/5/17,3.173,3.192,3.202,3.173,1.66%
2018/5/18,3.202,3.258,3.261,3.202,2.07%
2018/5/20,3.258,3.258,3.258,3.258,0.00%
2018/5/21,3.273,3.293,3.3,3.273,1.07%
2018/5/22,3.299,3.271,3.299,3.271,-0.67%
2018/5/23,3.287,3.255,3.287,3.255,-0.49%
2018/5/24,3.24,3.227,3.24,3.223,-0.86%
2018/5/25,3.21,3.231,3.231,3.21,0.12%
2018/5/28,3.42,3.427,3.43,3.42,6.07%
2018/5/29,3.427,3.44,3.45,3.418,0.38%
2018/5/30,3.443,3.447,3.45,3.433,0.20%
2018/5/31,3.467,3.452,3.467,3.443,0.15%
2018/6/1,3.467,3.462,3.467,3.438,0.29%
2018/6/4,3.48,3.481,3.482,3.479,0.55%
2018/6/5,3.481,3.485,3.496,3.478,0.11%
2018/6/6,3.525,3.503,3.525,3.485,0.52%
2018/6/7,3.515,3.522,3.545,3.502,0.54%
2018/6/8,3.55,3.51,3.55,3.45,-0.34%
2018/6/11,3.5,3.49,3.5,3.475,-0.57%
2018/6/12,3.5,3.511,3.513,3.494,0.60%
2018/6/13,3.518,3.545,3.545,3.518,0.97%
2018/6/14,3.58,3.507,3.58,3.507,-1.07%
2018/6/15,3.517,3.492,3.54,3.478,-0.43%
2018/6/19,3.5,3.45,3.5,3.45,-1.20%
2018/6/20,3.465,3.467,3.472,3.43,0.49%
2018/6/21,3.482,3.452,3.482,3.45,-0.43%
2018/6/22,3.5,3.456,3.5,3.443,0.12%
2018/6/25,3.5,3.45,3.5,3.437,-0.17%
2018/6/26,3.452,3.457,3.465,3.452,0.20%
2018/6/27,3.487,3.439,3.487,3.439,-0.52%
2018/6/28,3.472,3.435,3.472,3.429,-0.12%
2018/6/29,3.475,3.41,3.475,3.41,-0.73%
2018/7/2,3.45,3.347,3.45,3.347,-1.85%
2018/7/3,3.422,3.346,3.422,3.342,-0.03%
2018/7/4,3.372,3.345,3.372,3.345,-0.03%
2018/7/5,3.36,3.34,3.373,3.322,-0.15%
2018/7/6,3.36,3.335,3.36,3.325,-0.15%
2018/7/9,3.36,3.35,3.36,3.339,0.45%
2018/7/10,3.36,3.377,3.38,3.36,0.81%
2018/7/11,3.365,3.37,3.38,3.365,-0.21%
2018/7/12,3.38,3.34,3.38,3.337,-0.89%
2018/7/13,3.367,3.32,3.367,3.305,-0.60%
2018/7/16,3.36,3.286,3.36,3.265,-1.02%
2018/7/17,3.328,3.285,3.328,3.28,-0.03%
2018/7/18,3.339,3.288,3.339,3.285,0.09%
2018/7/19,3.316,3.291,3.316,3.278,0.09%
2018/7/20,3.302,3.296,3.302,3.263,0.15%
2018/7/23,3.35,3.289,3.35,3.288,-0.21%
2018/7/24,3.329,3.308,3.337,3.283,0.58%
2018/7/25,3.355,3.303,3.355,3.278,-0.15%
2018/7/26,3.334,3.3,3.334,3.273,-0.09%
2018/7/27,3.351,3.28,3.351,3.265,-0.61%
2018/7/30,3.3,3.257,3.3,3.257,-0.70%
2018/7/31,3.274,3.227,3.274,3.223,-0.92%
2018/8/1,3.274,3.203,3.274,3.197,-0.74%
2018/8/2,3.209,3.173,3.23,3.168,-0.94%
2018/8/3,3.235,3.18,3.235,3.18,0.22%
2018/8/6,3.18,3.16,3.187,3.158,-0.63%
2018/8/7,3.205,3.181,3.205,3.179,0.66%
2018/8/8,3.187,3.194,3.194,3.178,0.41%
2018/8/9,3.206,3.251,3.265,3.206,1.78%
2018/8/10,3.268,3.295,3.296,3.268,1.35%
2018/8/13,3.3,3.323,3.326,3.3,0.85%
2018/8/14,3.324,3.35,3.354,3.324,0.81%
2018/8/15,3.356,3.34,3.356,3.338,-0.30%
2018/8/16,3.35,3.343,3.354,3.343,0.09%
2018/8/17,3.371,3.383,3.4,3.371,1.20%
2018/8/20,3.4,3.423,3.445,3.4,1.18%
2018/8/21,3.433,3.468,3.473,3.43,1.31%
2018/8/22,3.467,3.477,3.49,3.463,0.26%
2018/8/23,3.49,3.438,3.49,3.438,-1.12%
2018/8/24,3.46,3.43,3.46,3.43,-0.23%
2018/8/27,3.45,3.437,3.45,3.425,0.20%
2018/8/28,3.447,3.428,3.447,3.428,-0.26%
2018/8/29,3.467,3.43,3.467,3.43,0.06%
2018/8/30,3.44,3.425,3.44,3.425,-0.15%
2018/8/31,3.448,3.386,3.448,3.38,-1.14%
2018/9/3,3.38,3.383,3.39,3.358,-0.09%
2018/9/4,3.385,3.408,3.41,3.385,0.74%
2018/9/5,3.42,3.415,3.424,3.406,0.21%
2018/9/6,3.431,3.433,3.433,3.405,0.53%
2018/9/7,3.452,3.463,3.473,3.447,0.87%
2018/9/10,3.52,3.48,3.52,3.45,0.49%
2018/9/11,3.493,3.511,3.513,3.487,0.89%
2018/9/12,3.517,3.533,3.533,3.517,0.63%
2018/9/13,3.56,3.535,3.56,3.527,0.06%
2018/9/14,3.547,3.51,3.547,3.51,-0.71%
2018/9/17,3.5,3.503,3.514,3.48,-0.20%
2018/9/18,3.532,3.507,3.532,3.49,0.11%
2018/9/19,3.525,3.509,3.525,3.495,0.06%
2018/9/20,3.515,3.509,3.518,3.498,0.00%
2018/9/21,3.525,3.516,3.54,3.515,0.20%
2018/9/25,3.55,3.511,3.55,3.5,-0.14%
2018/9/26,3.53,3.494,3.53,3.494,-0.48%
2018/9/27,3.497,3.488,3.507,3.475,-0.17%
2018/9/28,3.51,3.483,3.51,3.482,-0.14%
2018/9/29,3.497,3.465,3.497,3.46,-0.52%
2018/9/30,3.47,3.47,3.47,3.47,0.14%
2018/10/8,3.46,3.445,3.462,3.44,-0.72%
2018/10/9,3.482,3.447,3.482,3.444,0.06%
2018/10/10,3.446,3.423,3.461,3.423,-0.70%
2018/10/11,3.463,3.421,3.463,3.408,-0.06%
2018/10/12,3.453,3.405,3.453,3.378,-0.47%
2018/10/15,3.43,3.403,3.43,3.395,-0.06%
2018/10/16,3.422,3.422,3.424,3.402,0.56%
2018/10/17,3.422,3.405,3.429,3.405,-0.50%
2018/10/18,3.428,3.405,3.428,3.403,0.00%
2018/10/19,3.43,3.4,3.43,3.383,-0.15%
2018/10/22,3.41,3.4,3.41,3.395,0.00%
2018/10/23,3.43,3.42,3.437,3.42,0.59%
2018/10/24,3.434,3.389,3.434,3.388,-0.91%
2018/10/25,3.38,3.395,3.401,3.38,0.18%
2018/10/26,3.415,3.383,3.415,3.383,-0.35%
2018/10/29,3.403,3.363,3.403,3.363,-0.59%
2018/10/30,3.398,3.36,3.398,3.345,-0.09%
2018/10/31,3.38,3.364,3.38,3.36,0.12%
2018/11/1,3.381,3.355,3.381,3.353,-0.27%
2018/11/2,3.377,3.365,3.377,3.365,0.30%
2018/11/5,3.42,3.378,3.42,3.378,0.39%
2018/11/6,3.395,3.361,3.395,3.361,-0.50%
2018/11/7,3.388,3.353,3.388,3.353,-0.24%
2018/11/8,3.388,3.329,3.388,3.329,-0.72%
2018/11/9,3.314,3.33,3.336,3.314,0.03%
2018/11/12,3.33,3.303,3.33,3.293,-0.81%
2018/11/13,3.38,3.302,3.38,3.302,-0.03%
2018/11/14,3.323,3.235,3.323,3.235,-2.03%
2018/11/15,3.296,3.183,3.296,3.183,-1.61%
2018/11/16,3.185,3.135,3.185,3.13,-1.51%
2018/11/17,3.135,3.135,3.135,3.135,0.00%
2018/11/18,3.13,3.13,3.13,3.13,-0.16%
2018/11/19,3.13,3.157,3.157,3.13,0.86%
2018/11/20,3.157,3.178,3.178,3.157,0.67%
2018/11/21,3.192,3.208,3.213,3.175,0.94%
2018/11/22,3.22,3.207,3.22,3.2,-0.03%
2018/11/23,3.213,3.208,3.217,3.19,0.03%
2018/11/26,3.22,3.208,3.225,3.18,0.00%
2018/11/27,3.216,3.205,3.216,3.195,-0.09%
2018/11/28,3.209,3.2,3.209,3.196,-0.16%
2018/11/29,3.21,3.189,3.21,3.187,-0.34%
2018/11/30,3.203,3.168,3.203,3.163,-0.66%
2018/12/1,3.177,3.177,3.177,3.177,0.28%
2018/12/2,3.13,3.13,3.13,3.13,-1.48%
2018/12/3,3.17,3.137,3.2,3.13,0.22%
2018/12/4,3.155,3.115,3.155,3.115,-0.70%
2018/12/5,3.129,3.097,3.129,3.093,-0.58%
2018/12/6,3.123,3.097,3.123,3.09,0.00%
2018/12/7,3.1,3.09,3.1,3.077,-0.23%
2018/12/10,3.05,3.038,3.05,3.025,-1.68%
2018/12/11,3.055,3.013,3.055,3.002,-0.82%
2018/12/12,3.023,3.015,3.025,3.01,0.07%
2018/12/13,3.031,3.051,3.066,3.03,1.19%
2018/12/14,3.058,3.068,3.095,3.048,0.56%
2018/12/17,3.1,3.074,3.1,3.074,0.20%
2018/12/18,3.097,3.098,3.123,3.062,0.78%
2018/12/19,3.09,3.063,3.09,3.063,-1.13%
2018/12/20,3.071,3.063,3.071,3.053,0.00%
2018/12/21,3.098,3.075,3.098,3.045,0.39%
2018/12/24,3.1,3.083,3.1,3.065,0.26%
2018/12/25,3.087,3.094,3.094,3.075,0.36%
2018/12/26,3.093,3.089,3.093,3.089,-0.16%
2018/12/27,3.1,3.097,3.1,3.076,0.26%
2018/12/28,3.063,3.014,3.063,3.014,-2.68%
2019/1/2,3,2.966,3,2.96,-1.59%
2019/1/3,2.965,2.95,2.97,2.937,-0.54%
2019/1/4,2.977,2.963,2.977,2.928,0.44%
2019/1/7,2.97,2.925,2.97,2.92,-1.28%
2019/1/8,2.94,2.93,2.947,2.923,0.17%
2019/1/9,2.947,2.893,2.947,2.878,-1.26%
2019/1/10,2.913,2.901,2.913,2.891,0.28%
2019/1/11,2.911,2.909,2.918,2.909,0.28%
2019/1/14,2.95,2.944,2.95,2.934,1.20%
2019/1/15,2.942,2.951,2.968,2.93,0.24%
2019/1/16,2.967,2.93,2.967,2.923,-0.71%
2019/1/17,2.95,2.89,2.95,2.89,-1.37%
2019/1/18,2.945,2.92,2.945,2.913,1.04%
2019/1/21,2.961,2.928,2.961,2.92,0.27%
2019/1/22,3.02,2.945,3.02,2.943,0.58%
2019/1/23,2.965,2.957,2.965,2.94,0.41%
2019/1/24,2.962,2.935,2.962,2.935,-0.74%
2019/1/25,2.95,2.937,2.97,2.937,0.07%
2019/1/28,3.01,2.96,3.01,2.96,0.78%
2019/1/29,2.975,2.956,2.977,2.956,-0.14%
2019/1/30,2.982,2.928,2.982,2.928,-0.95%
2019/1/31,2.94,2.923,2.953,2.923,-0.17%
2019/2/1,2.925,2.908,2.938,2.908,-0.51%
2019/2/2,2.92,2.92,2.92,2.92,0.41%
2019/2/11,2.911,2.868,2.911,2.868,-1.78%
2019/2/12,2.93,2.87,2.93,2.867,0.07%
2019/2/13,2.886,2.859,2.886,2.859,-0.38%
2019/2/14,2.883,2.876,2.883,2.84,0.59%
2019/2/15,2.89,2.874,2.89,2.873,-0.07%
2019/2/18,2.93,2.891,2.93,2.878,0.59%
2019/2/19,2.898,2.903,2.913,2.898,0.42%
2019/2/20,2.91,2.906,2.914,2.892,0.10%
2019/2/21,2.924,2.906,2.924,2.906,0.00%
2019/2/22,2.934,2.923,2.94,2.923,0.59%
2019/2/25,2.95,2.929,2.95,2.928,0.21%
2019/2/26,2.975,3.007,3.025,2.975,2.66%
2019/2/27,3.017,3.023,3.04,3.017,0.53%
2019/2/28,3.065,3.033,3.065,3.023,0.33%
2019/3/1,3.06,3.05,3.06,3.037,0.56%
2019/3/4,3.12,3.06,3.12,3.06,0.33%
2019/3/5,3.087,3.066,3.095,3.066,0.20%
2019/3/6,3.076,3.077,3.088,3.076,0.36%
2019/3/7,3.095,3.053,3.095,3.053,-0.78%
2019/3/8,3.053,3.023,3.057,3.023,-0.98%
2019/3/11,3.04,3.02,3.04,3.02,-0.10%
2019/3/12,3.037,3.04,3.05,3.033,0.66%
2019/3/13,3.047,3.035,3.055,3.035,-0.16%
2019/3/14,3.058,3.049,3.064,3.049,0.46%
2019/3/15,3.055,3.023,3.103,3.01,-0.85%
2019/3/18,3.016,3.043,3.05,3.012,0.66%
2019/3/19,3.043,3.041,3.047,3.041,-0.07%
2019/3/20,3.043,3.037,3.067,3.037,-0.13%
2019/3/21,3.062,3.035,3.062,3.035,-0.07%
2019/3/22,3.06,3.019,3.06,3.017,-0.53%
2019/3/25,3.05,3.008,3.05,3.008,-0.36%
2019/3/26,3.029,2.977,3.029,2.977,-1.03%
2019/3/27,2.997,2.969,2.997,2.969,-0.27%
2019/3/28,3.02,2.943,3.02,2.943,-0.88%
2019/3/29,2.969,2.933,2.969,2.933,-0.34%
2019/4/1,2.96,2.97,2.97,2.943,1.26%
2019/4/2,2.984,3.013,3.013,2.984,1.45%
2019/4/3,3,3.033,3.05,3,0.66%
2019/4/4,3.06,3.083,3.1,3.06,1.65%
2019/4/8,3.15,3.123,3.15,3.12,1.30%
2019/4/9,3.13,3.163,3.167,3.12,1.28%
2019/4/10,3.2,3.193,3.231,3.185,0.95%
2019/4/11,3.211,3.157,3.211,3.157,-1.13%
2019/4/12,3.205,3.166,3.205,3.159,0.29%
2019/4/15,3.21,3.192,3.21,3.173,0.82%
2019/4/16,3.21,3.221,3.224,3.21,0.91%
2019/4/17,3.248,3.256,3.268,3.248,1.09%
2019/4/18,3.262,3.237,3.263,3.237,-0.58%
2019/4/19,3.269,3.21,3.269,3.21,-0.83%
2019/4/22,3.25,3.193,3.25,3.193,-0.53%
2019/4/23,3.223,3.206,3.231,3.206,0.41%
2019/4/24,3.214,3.233,3.233,3.214,0.84%
2019/4/25,3.26,3.228,3.28,3.22,-0.15%
2019/4/26,3.255,3.218,3.255,3.218,-0.31%
2019/4/28,3.19,3.19,3.19,3.19,-0.87%
2019/4/29,3.23,3.207,3.23,3.205,0.53%
2019/4/30,3.254,3.203,3.254,3.203,-0.12%
2019/5/6,3.22,3.175,3.22,3.175,-0.87%
2019/5/7,3.215,3.13,3.215,3.13,-1.42%
2019/5/8,3.18,3.163,3.18,3.163,1.05%
2019/5/9,3.16,3.153,3.163,3.153,-0.32%
2019/5/10,3.145,3.137,3.145,3.137,-0.51%
2019/5/13,3.16,3.165,3.178,3.152,0.89%
2019/5/14,3.165,3.159,3.168,3.157,-0.19%
2019/5/15,3.171,3.177,3.177,3.162,0.57%
2019/5/16,3.177,3.175,3.19,3.169,-0.06%
2019/5/17,3.185,3.143,3.185,3.13,-1.01%
2019/5/20,3.2,3.168,3.2,3.166,0.80%
2019/5/21,3.172,3.153,3.172,3.153,-0.47%
2019/5/22,3.153,3.142,3.16,3.142,-0.35%
2019/5/23,3.16,3.164,3.168,3.156,0.70%
2019/5/24,3.171,3.138,3.171,3.135,-0.82%
2019/5/27,3.18,3.143,3.18,3.135,0.16%
2019/5/28,3.155,3.166,3.167,3.148,0.73%
2019/5/29,3.176,3.128,3.176,3.117,-1.20%
2019/5/30,3.15,3.117,3.15,3.103,-0.35%
2019/5/31,3.143,3.083,3.143,3.08,-1.09%
2019/6/3,3.1,3.076,3.1,3.073,-0.23%
2019/6/4,3.093,3.055,3.093,3.055,-0.68%
2019/6/5,3.065,3.06,3.076,3.058,0.16%
2019/6/6,3.073,3.068,3.073,3.058,0.26%
2019/6/10,3.1,3.083,3.1,3.068,0.49%
2019/6/11,3.1,3.12,3.12,3.09,1.20%
2019/6/12,3.127,3.13,3.143,3.113,0.32%
2019/6/13,3.15,3.112,3.15,3.11,-0.58%
2019/6/14,3.15,3.115,3.15,3.1,0.10%
2019/6/17,3.1,3.097,3.1,3.077,-0.58%
2019/6/18,3.097,3.073,3.097,3.073,-0.77%
2019/6/19,3.077,3.058,3.077,3.05,-0.49%
2019/6/20,3.05,3.071,3.076,3.04,0.43%
2019/6/21,3.085,3.063,3.085,3.058,-0.26%
2019/6/24,3.035,3.065,3.068,3.035,0.07%
2019/6/25,3.06,3.073,3.073,3.045,0.26%
2019/6/26,3.073,3.072,3.073,3.068,-0.03%
2019/6/27,3.075,3.078,3.078,3.075,0.20%
2019/6/28,3.082,3.093,3.093,3.075,0.49%
2019/7/1,3.06,3.071,3.08,3.055,-0.71%
2019/7/2,3.073,3.053,3.073,3.053,-0.59%
2019/7/3,3.05,3.022,3.05,3.009,-1.02%
2019/7/4,3.027,3.007,3.027,2.998,-0.50%
2019/7/5,3.003,3.01,3.01,2.995,0.10%
2019/7/8,3.03,3.018,3.03,3,0.27%
2019/7/9,3.03,3.043,3.045,3.028,0.83%
2019/7/10,3.045,3.039,3.048,3.025,-0.13%
2019/7/11,3.039,3.016,3.039,3.014,-0.76%
2019/7/12,3.028,3.032,3.04,3.027,0.53%
2019/7/15,3.01,3.025,3.033,3.01,-0.23%
2019/7/16,3.027,3.03,3.033,3.02,0.17%
2019/7/17,3.045,3.04,3.05,3.04,0.33%
2019/7/18,3.039,3.034,3.039,3.034,-0.20%
2019/7/19,3.036,3.006,3.036,3.006,-0.92%
2019/7/22,3,2.985,3,2.98,-0.70%
2019/7/23,3,2.999,3.009,2.96,0.47%
2019/7/24,2.999,3,3.003,2.995,0.03%
2019/7/25,3,3.012,3.012,2.99,0.40%
2019/7/26,3.012,3.002,3.012,3.001,-0.33%
2019/7/29,3.005,3.025,3.025,3,0.77%
2019/7/30,3.05,3.013,3.05,3.012,-0.40%
2019/7/31,2.99,3.001,3.007,2.984,-0.40%
2019/8/1,3.018,2.996,3.018,2.996,-0.17%
2019/8/2,2.982,2.955,2.982,2.95,-1.37%
2019/8/5,2.93,2.89,2.93,2.89,-2.20%
2019/8/6,2.88,2.922,2.925,2.88,1.11%
2019/8/7,2.923,2.922,2.927,2.922,0.00%
2019/8/8,2.92,2.915,2.92,2.91,-0.24%
2019/8/9,2.92,2.898,2.92,2.885,-0.58%
2019/8/12,2.89,2.903,2.913,2.89,0.17%
2019/8/13,2.903,2.888,2.903,2.888,-0.52%
2019/8/14,2.905,2.905,2.91,2.893,0.59%
2019/8/15,2.903,2.903,2.908,2.898,-0.07%
2019/8/16,2.92,2.923,2.925,2.92,0.69%
2019/8/19,2.905,2.931,2.937,2.905,0.27%
2019/8/20,2.931,2.914,2.931,2.914,-0.58%
2019/8/21,2.918,2.93,2.931,2.908,0.55%
2019/8/22,2.938,2.949,2.953,2.938,0.65%
2019/8/23,2.958,2.94,2.958,2.936,-0.31%
2019/8/26,2.93,2.953,2.954,2.93,0.44%
2019/8/27,2.951,2.937,2.951,2.935,-0.54%
2019/8/28,2.938,2.938,2.943,2.923,0.03%
2019/8/29,2.945,2.913,2.945,2.912,-0.85%
2019/8/30,2.935,2.93,2.94,2.93,0.58%
2019/9/2,2.935,2.953,2.953,2.935,0.78%
2019/9/3,2.957,2.958,2.963,2.957,0.17%
2019/9/4,2.965,2.961,2.968,2.953,0.10%
2019/9/5,2.954,2.934,2.954,2.93,-0.91%
2019/9/6,2.938,2.873,2.942,2.87,-2.08%
2019/9/9,2.89,2.903,2.905,2.873,1.04%
2019/9/10,2.91,2.923,2.928,2.903,0.69%
2019/9/11,2.938,2.915,2.938,2.905,-0.27%
2019/9/12,2.925,2.935,2.95,2.913,0.69%
2019/9/16,2.988,2.954,3,2.93,0.65%
2019/9/17,2.964,2.954,2.964,2.949,0.00%
2019/9/18,2.95,2.96,2.96,2.943,0.20%
2019/9/19,2.96,2.966,2.971,2.948,0.20%
2019/9/20,2.976,2.969,2.976,2.967,0.10%
2019/9/23,2.93,2.948,2.95,2.93,-0.71%
2019/9/24,2.946,2.946,2.955,2.943,-0.07%
2019/9/25,2.948,2.965,2.965,2.948,0.64%
2019/9/26,2.966,2.965,2.968,2.962,0.00%
2019/9/27,2.966,2.963,2.966,2.958,-0.07%
2019/9/30,2.955,2.97,2.975,2.955,0.24%
2019/10/8,2.955,2.975,2.979,2.948,0.17%
2019/10/9,2.975,2.959,2.98,2.959,-0.54%
2019/10/10,2.99,2.975,2.99,2.975,0.54%
2019/10/11,2.985,2.987,2.992,2.985,0.40%
2019/10/12,2.998,2.983,2.998,2.983,-0.13%
2019/10/14,3.01,3.003,3.016,3,0.67%
2019/10/15,3.01,3.002,3.012,3,-0.03%
2019/10/16,3.006,3.01,3.02,2.978,0.27%
2019/10/17,3.019,3.009,3.019,2.999,-0.03%
2019/10/18,3.004,3.01,3.01,2.98,0.03%
2019/10/21,3.01,3.023,3.024,2.991,0.43%
2019/10/22,3.027,3.031,3.041,3.024,0.26%
2019/10/23,3.032,3.037,3.042,3.016,0.20%
2019/10/24,3.068,3.039,3.068,3.039,0.07%
2019/10/25,3.033,3.037,3.039,3.023,-0.07%
2019/10/28,3.04,3.043,3.05,3.04,0.20%
2019/10/29,3.072,3.076,3.076,3.06,1.08%
2019/10/30,3.076,3.09,3.1,3.07,0.46%
2019/10/31,3.078,3.068,3.08,3.065,-0.71%
2019/11/1,3.13,3.103,3.13,3.103,1.14%
2019/11/4,3.1,3.083,3.1,3.073,-0.64%
2019/11/5,3.087,3.082,3.093,3.065,-0.03%
2019/11/6,3.089,3.067,3.089,3.059,-0.49%
2019/11/7,3.06,3.06,3.063,3.035,-0.23%
2019/11/8,3.09,3.085,3.09,3.074,0.82%
2019/11/11,3.05,3.035,3.05,3.035,-1.62%
2019/11/12,3.03,3.035,3.036,3.013,0.00%
2019/11/13,3.043,3.047,3.06,3.04,0.40%
2019/11/14,3.07,3.053,3.07,3.049,0.20%
2019/11/15,3.04,3.044,3.06,3.04,-0.29%
2019/11/18,3.04,3.03,3.05,3,-0.46%
2019/11/19,3.033,3.045,3.045,3.032,0.50%
2019/11/20,3.042,3.015,3.042,3.01,-0.99%
2019/11/21,3,2.949,3,2.94,-2.19%
2019/11/22,2.96,2.973,2.98,2.96,0.81%
2019/11/25,2.958,2.993,3,2.955,0.67%
2019/11/26,2.997,2.993,3.003,2.985,0.00%
2019/11/27,3.01,3.008,3.012,3,0.50%
2019/11/28,3.01,2.994,3.012,2.994,-0.47%
2019/11/29,2.995,2.995,2.995,2.963,0.03%
2019/12/2,3.01,2.998,3.01,2.99,0.10%
2019/12/3,3.04,3.018,3.04,3.015,0.67%
2019/12/4,2.98,3.001,3.001,2.96,-0.56%
2019/12/5,3,2.988,3.007,2.986,-0.43%
2019/12/6,3.007,2.985,3.007,2.965,-0.10%
2019/12/9,3.05,2.993,3.05,2.98,0.27%
2019/12/10,3.005,2.999,3.005,2.987,0.20%
2019/12/11,3.017,2.995,3.017,2.97,-0.13%
2019/12/12,2.999,2.963,2.999,2.963,-1.07%
2019/12/13,2.993,2.983,2.995,2.97,0.67%
2019/12/16,3.01,2.995,3.01,2.985,0.40%
2019/12/17,3.05,2.991,3.05,2.991,-0.13%
2019/12/18,3.005,3.006,3.015,2.998,0.50%
2019/12/19,3.03,3.003,3.03,2.992,-0.10%
2019/12/20,3.02,2.997,3.02,2.985,-0.20%
2019/12/23,2.948,2.956,2.958,2.93,-1.37%
2019/12/24,2.95,2.914,2.95,2.914,-1.42%
2019/12/25,2.915,2.899,2.917,2.899,-0.51%
2019/12/26,2.91,2.88,2.91,2.85,-0.66%
2019/12/27,2.88,2.854,2.88,2.85,-0.90%
2019/12/30,2.85,2.853,2.865,2.825,-0.04%
2019/12/31,2.825,2.82,2.825,2.82,-1.16%
2020/1/2,2.85,2.86,2.86,2.85,1.42%
2020/1/3,2.9,2.88,2.9,2.88,0.70%
2020/1/6,2.9,2.865,2.9,2.845,-0.52%
2020/1/7,2.88,2.871,2.887,2.87,0.21%
2020/1/8,2.87,2.841,2.87,2.84,-1.04%
2020/1/9,2.85,2.835,2.855,2.835,-0.21%
2020/1/10,2.84,2.835,2.863,2.835,0.00%
2020/1/13,2.87,2.86,2.87,2.86,0.88%
2020/1/14,2.85,2.853,2.86,2.85,-0.24%
2020/1/15,2.86,2.848,2.86,2.83,-0.18%
2020/1/16,2.865,2.863,2.865,2.853,0.53%
2020/1/17,2.88,2.856,2.88,2.849,-0.24%
2020/1/20,2.88,2.832,2.88,2.83,-0.84%
2020/1/21,2.81,2.834,2.834,2.788,0.07%
2020/1/22,2.834,2.813,2.834,2.813,-0.74%
2020/1/23,2.74,2.745,2.745,2.73,-2.42%
2020/2/3,2.62,2.62,2.62,2.62,-4.55%
2020/2/4,2.7,2.718,2.718,2.672,3.74%
2020/2/5,2.739,2.648,2.739,2.644,-2.58%
2020/2/6,2.652,2.635,2.652,2.628,-0.49%
2020/2/7,2.672,2.606,2.672,2.606,-1.10%
2020/2/10,2.6,2.565,2.6,2.565,-1.57%
2020/2/11,2.57,2.575,2.575,2.56,0.39%
2020/2/12,2.585,2.588,2.588,2.585,0.50%
2020/2/13,2.605,2.59,2.605,2.585,0.08%
2020/2/14,2.598,2.598,2.598,2.591,0.31%
2020/2/17,2.585,2.611,2.627,2.573,0.50%
2020/2/18,2.61,2.626,2.634,2.61,0.57%
2020/2/19,2.633,2.62,2.648,2.614,-0.23%
2020/2/20,2.625,2.63,2.636,2.622,0.38%
2020/2/21,2.636,2.629,2.649,2.629,-0.04%
2020/2/24,2.613,2.611,2.613,2.525,-0.68%
2020/2/25,2.615,2.593,2.627,2.593,-0.69%
2020/2/26,2.589,2.586,2.602,2.515,-0.27%
2020/2/27,2.59,2.567,2.594,2.545,-0.73%
2020/2/28,2.565,2.527,2.565,2.527,-1.56%
2020/3/2,2.469,2.529,2.529,2.355,0.08%
2020/3/3,2.564,2.539,2.564,2.539,0.40%
2020/3/4,2.54,2.505,2.54,2.505,-1.34%
2020/3/5,2.48,2.467,2.48,2.467,-1.52%
2020/3/6,2.52,2.52,2.52,2.52,2.15%
2020/3/9,2.422,2.422,2.422,2.422,-3.89%
2020/3/10,2.37,2.43,2.43,2.37,0.33%
2020/3/11,2.435,2.443,2.443,2.435,0.53%
2020/3/12,2.42,2.42,2.42,2.42,-0.94%
2020/3/13,2.41,2.42,2.43,2.41,0.00%
2020/3/16,2.44,2.478,2.48,2.43,2.40%
2020/3/17,2.49,2.473,2.49,2.473,-0.20%
2020/3/18,2.51,2.51,2.51,2.51,1.50%
2020/3/19,2.495,2.48,2.495,2.46,-1.20%
2020/3/20,2.49,2.493,2.493,2.49,0.52%
2020/3/23,2.5,2.495,2.5,2.495,0.08%
2020/3/24,2.46,2.445,2.46,2.445,-2.00%
2020/3/26,2.38,2.395,2.395,2.35,-2.04%
2020/3/27,2.39,2.39,2.39,2.39,-0.21%
2020/3/30,2.39,2.39,2.39,2.39,0.00%
2020/3/31,2.31,2.31,2.31,2.31,-3.35%
2020/4/1,2.32,2.283,2.32,2.283,-1.17%
2020/4/2,2.29,2.26,2.29,2.26,-1.01%
2020/4/3,2.272,2.257,2.318,2.255,-0.13%
2020/4/6,2.21,2.246,2.246,2.103,-0.49%
2020/4/7,2.286,2.135,2.286,2.135,-4.94%
2020/4/8,2.05,2.01,2.11,2.005,-5.85%
2020/4/9,2.01,1.998,2.013,1.985,-0.60%
2020/4/10,2.003,2.027,2.042,2.003,1.45%
2020/4/13,2.03,2.042,2.067,2.03,0.74%
2020/4/14,2.08,2.018,2.08,2.005,-1.18%
2020/4/15,2.08,2.001,2.08,1.985,-0.84%
2020/4/16,2.04,1.998,2.04,1.99,-0.15%
2020/4/17,1.998,2.003,2.013,1.992,0.25%
2020/4/18,1.99,1.99,1.99,1.99,-0.65%
2020/4/20,2.065,2.016,2.065,1.98,1.31%
2020/4/21,2.022,1.973,2.037,1.973,-2.13%
2020/4/22,1.985,1.918,2.003,1.918,-2.79%
2020/4/23,1.914,1.834,1.927,1.834,-4.38%
2020/4/24,1.893,1.852,1.895,1.852,0.98%
2020/4/26,1.822,1.827,1.827,1.822,-1.32%
2020/4/27,1.86,1.843,1.891,1.841,0.85%
2020/4/28,1.865,1.82,1.865,1.82,-1.25%
2020/4/29,1.827,1.773,1.827,1.768,-2.58%
2020/4/30,1.805,1.741,1.805,1.741,-1.80%
2020/5/4,1.74,1.74,1.74,1.74,-0.06%
2020/5/6,1.75,1.79,1.8,1.75,2.87%
2020/5/7,1.807,1.833,1.863,1.801,2.40%
2020/5/8,1.853,1.92,1.92,1.848,4.75%
2020/5/9,1.893,1.897,1.897,1.888,-1.20%
2020/5/11,1.98,1.97,2,1.955,3.85%
2020/5/12,1.96,1.965,1.967,1.96,-0.25%
2020/5/13,2.04,2.02,2.04,2.02,2.80%
2020/5/14,2.013,2.004,2.023,1.97,-0.79%
2020/5/15,1.997,1.947,2.003,1.947,-2.84%
2020/5/18,2.02,2.03,2.04,1.995,4.26%
2020/5/19,2.07,2.097,2.097,2.063,3.30%
2020/5/20,2.093,2.123,2.13,2.093,1.24%
2020/5/21,2.11,2.14,2.14,2.105,0.80%
2020/5/22,2.127,2.067,2.127,2.053,-3.41%
2020/5/25,2.08,2.12,2.13,2.075,2.56%
2020/5/26,2.137,2.2,2.207,2.127,3.77%
2020/5/27,2.217,2.254,2.297,2.2,2.45%
2020/5/28,2.251,2.257,2.27,2.212,0.13%
2020/5/29,2.26,2.243,2.26,2.242,-0.62%
2020/6/1,2.26,2.247,2.26,2.19,0.18%
2020/6/2,2.26,2.33,2.33,2.243,3.69%
2020/6/3,2.345,2.393,2.44,2.345,2.70%
2020/6/4,2.417,2.467,2.475,2.382,3.09%
2020/6/5,2.475,2.545,2.545,2.473,3.16%
2020/6/8,2.6,2.54,2.6,2.515,-0.20%
2020/6/9,2.535,2.501,2.535,2.483,-1.54%
2020/6/10,2.54,2.517,2.54,2.509,0.64%
2020/6/11,2.527,2.482,2.527,2.48,-1.39%
2020/6/12,2.495,2.473,2.508,2.452,-0.36%
2020/6/15,2.455,2.493,2.5,2.43,0.81%
2020/6/16,2.6,2.597,2.6,2.565,4.17%
2020/6/17,2.595,2.62,2.62,2.593,0.89%
2020/6/18,2.62,2.635,2.66,2.593,0.57%
2020/6/19,2.65,2.62,2.67,2.605,-0.57%
2020/6/22,2.65,2.67,2.69,2.64,1.91%
2020/6/23,2.665,2.695,2.72,2.663,0.94%
2020/6/24,2.7,2.613,2.7,2.613,-3.04%
2020/6/28,2.565,2.552,2.57,2.552,-2.35%
2020/6/29,2.64,2.573,2.64,2.563,0.84%
2020/6/30,2.615,2.573,2.625,2.571,0.00%
2020/7/1,2.63,2.57,2.63,2.555,-0.12%
2020/7/2,2.67,2.563,2.67,2.555,-0.27%
2020/7/3,2.56,2.583,2.615,2.56,0.78%
2020/7/6,2.65,2.705,2.705,2.6,4.72%
2020/7/7,2.775,2.81,2.85,2.773,3.88%
2020/7/8,2.845,2.813,2.85,2.795,0.11%
2020/7/9,2.9,2.905,2.923,2.89,3.27%
2020/7/10,2.975,2.823,2.975,2.823,-2.82%
2020/7/11,2.82,2.82,2.82,2.82,-0.11%
2020/7/13,2.86,2.885,2.895,2.85,2.30%
2020/7/14,2.9,2.848,2.9,2.839,-1.28%
2020/7/15,2.9,2.8,2.9,2.77,-1.69%
2020/7/16,2.79,2.705,2.8,2.695,-3.39%
2020/7/17,2.76,2.723,2.76,2.707,0.67%
2020/7/20,2.73,2.703,2.73,2.7,-0.73%
2020/7/21,2.725,2.65,2.725,2.61,-1.96%
2020/7/22,2.69,2.663,2.7,2.65,0.49%
2020/7/23,2.71,2.625,2.71,2.61,-1.43%
2020/7/24,2.657,2.62,2.664,2.62,-0.19%
2020/7/27,2.68,2.623,2.68,2.605,0.11%
2020/7/28,2.65,2.643,2.7,2.643,0.76%
2020/7/29,2.65,2.67,2.7,2.65,1.02%
2020/7/30,2.75,2.67,2.75,2.67,0.00%
2020/7/31,2.687,2.68,2.703,2.675,0.37%
2020/8/3,2.77,2.68,2.77,2.68,0.00%
2020/8/4,2.73,2.677,2.73,2.675,-0.11%
2020/8/5,2.71,2.715,2.75,2.683,1.42%
2020/8/6,2.785,2.748,2.785,2.745,1.22%
2020/8/7,2.78,2.817,2.85,2.78,2.51%
2020/8/10,2.88,2.81,2.88,2.805,-0.25%
2020/8/11,2.875,2.818,2.875,2.818,0.28%
2020/8/12,2.912,2.825,2.912,2.817,0.25%
2020/8/13,2.913,2.843,2.913,2.828,0.64%
2020/8/14,2.89,2.83,2.89,2.826,-0.46%
2020/8/17,2.885,2.799,2.885,2.799,-1.10%
2020/8/18,2.843,2.813,2.843,2.805,0.50%
2020/8/19,2.865,2.861,2.87,2.853,1.71%
2020/8/20,2.95,2.89,2.95,2.888,1.01%
2020/8/21,2.913,2.88,2.913,2.88,-0.35%
2020/8/24,2.95,2.886,2.95,2.863,0.21%
2020/8/25,2.92,2.923,2.93,2.897,1.28%
2020/8/26,2.937,2.954,2.954,2.905,1.06%
2020/8/27,2.996,2.979,2.996,2.97,0.85%
2020/8/28,3.004,3.005,3.005,2.996,0.87%
2020/8/31,3.05,2.975,3.05,2.954,-1.00%
2020/9/1,3.035,2.962,3.035,2.962,-0.44%
2020/9/2,3.015,3.013,3.023,3,1.72%
2020/9/3,3.15,3.078,3.15,3.065,2.16%
2020/9/4,3.11,3.077,3.11,3.065,-0.03%
2020/9/5,3.07,3.07,3.07,3.07,-0.23%
2020/9/7,3.18,3.118,3.18,3.095,1.56%
2020/9/8,3.16,3.103,3.16,3.099,-0.48%
2020/9/9,3.117,3.05,3.117,3.045,-1.71%
2020/9/10,3.05,3.02,3.053,2.993,-0.98%
2020/9/11,3.05,3.022,3.05,2.998,0.07%
2020/9/14,3.095,3.047,3.095,3.045,0.83%
2020/9/15,3.08,2.995,3.08,2.96,-1.71%
2020/9/16,3.02,2.984,3.02,2.983,-0.37%
2020/9/17,3.03,2.98,3.03,2.978,-0.13%
2020/9/18,3.01,2.957,3.01,2.957,-0.77%
2020/9/21,3.025,2.927,3.025,2.918,-1.01%
2020/9/22,2.988,2.915,2.988,2.91,-0.41%
2020/9/23,2.97,2.931,2.97,2.908,0.55%
2020/9/24,2.963,2.925,2.963,2.913,-0.20%
2020/9/25,2.961,2.965,2.965,2.94,1.37%
2020/9/27,2.856,2.975,2.975,2.856,0.34%
2020/9/28,3.08,2.98,3.08,2.97,0.17%
2020/9/29,2.988,2.99,3.013,2.982,0.34%
2020/9/30,3.013,3.01,3.013,2.99,0.67%
2020/10/9,3.16,3.077,3.16,3.077,2.23%
2020/10/10,3.07,3.05,3.07,3.05,-0.88%
2020/10/12,3.135,3.105,3.135,3.1,1.80%
2020/10/13,3.134,3.073,3.134,3.07,-1.03%
2020/10/14,3.16,3.094,3.16,3.08,0.68%
2020/10/15,3.151,3.121,3.151,3.11,0.87%
2020/10/16,3.17,3.128,3.17,3.126,0.22%
2020/10/19,3.2,3.108,3.2,3.095,-0.64%
2020/10/20,3.15,3.1,3.15,3.085,-0.26%
2020/10/21,3.175,3.095,3.175,3.078,-0.16%
2020/10/22,3.122,3.03,3.122,3.016,-2.10%
2020/10/23,3.1,3.051,3.1,3.045,0.69%
2020/10/26,3.15,3.055,3.15,3.04,0.13%
2020/10/27,3.135,3.032,3.135,3.023,-0.75%
2020/10/28,3.11,3.036,3.11,2.998,0.13%
2020/10/29,3.105,3.034,3.105,3.021,-0.07%
2020/10/30,3.12,3.041,3.12,3.025,0.23%
2020/11/2,3.1,3.033,3.1,3.018,-0.26%
2020/11/3,3.11,3.02,3.11,3.004,-0.43%
2020/11/4,3.1,3.03,3.1,3.018,0.33%
2020/11/5,3.115,3.039,3.115,3.019,0.30%
2020/11/6,3.15,3.078,3.15,3.065,1.28%
2020/11/9,3.15,3.106,3.17,3.099,0.91%
2020/11/10,3.2,3.103,3.2,3.094,-0.10%
2020/11/11,3.18,3.099,3.18,3.076,-0.13%
2020/11/12,3.18,3.114,3.18,3.1,0.48%
2020/11/13,3.21,3.157,3.21,3.123,1.38%
2020/11/16,3.148,3.138,3.148,3.095,-0.60%
2020/11/17,3.2,3.129,3.2,3.113,-0.29%
2020/11/18,3.153,3.172,3.175,3.129,1.37%
2020/11/19,3.193,3.213,3.213,3.167,1.29%
2020/11/20,3.233,3.195,3.233,3.182,-0.56%
2020/11/23,3.3,3.155,3.3,3.143,-1.25%
2020/11/24,3.159,3.178,3.179,3.145,0.73%
2020/11/25,3.197,3.155,3.197,3.142,-0.72%
2020/11/26,3.173,3.162,3.173,3.13,0.22%
2020/11/27,3.182,3.151,3.182,3.13,-0.35%
2020/11/30,3.21,3.07,3.21,3.063,-2.57%
2020/12/1,3.095,3.096,3.102,3.069,0.85%
2020/12/2,3.11,3.13,3.132,3.098,1.10%
2020/12/3,3.153,3.142,3.153,3.116,0.38%
2020/12/4,3.165,3.135,3.165,3.118,-0.22%
2020/12/7,3.18,3.142,3.18,3.128,0.22%
2020/12/8,3.164,3.117,3.164,3.106,-0.80%
2020/12/9,3.142,3.13,3.142,3.103,0.42%
2020/12/10,3.168,3.105,3.168,3.098,-0.80%
2020/12/11,3.119,3.138,3.138,3.105,1.06%
2020/12/14,3.23,3.129,3.23,3.123,-0.29%
2020/12/15,3.155,3.094,3.155,3.09,-1.12%
2020/12/16,3.122,3.089,3.188,3.069,-0.16%
2020/12/17,3.116,3.093,3.116,3.08,0.13%
2020/12/18,3.113,3.118,3.125,3.093,0.81%
2020/12/21,3.198,3.075,3.198,3.069,-1.38%
2020/12/22,3.086,3.045,3.109,3.023,-0.98%
2020/12/23,3.058,3.013,3.058,3.012,-1.05%
2020/12/24,3.043,3.033,3.043,3.012,0.66%
2020/12/25,3.065,3.01,3.065,3.007,-0.76%
2020/12/28,3.09,2.999,3.09,2.98,-0.37%
2020/12/29,3.033,2.991,3.033,2.991,-0.27%
2020/12/30,3.019,2.949,3.019,2.937,-1.40%
2020/12/31,2.969,2.971,2.975,2.93,0.75%
2021/1/4,3.04,2.985,3.04,2.96,0.47%
2021/1/5,3.012,2.954,3.012,2.951,-1.04%
2021/1/6,2.983,2.93,2.983,2.925,-0.81%
2021/1/7,2.973,2.918,2.973,2.9,-0.41%
2021/1/8,2.94,2.932,2.94,2.912,0.48%
2021/1/11,3.025,2.953,3.025,2.946,0.72%
2021/1/12,2.978,2.948,2.978,2.944,-0.17%
2021/1/13,2.962,2.888,2.962,2.888,-2.04%
2021/1/14,2.931,2.911,2.931,2.886,0.80%
2021/1/15,2.91,2.935,2.938,2.896,0.82%
2021/1/18,3.01,2.989,3.01,2.963,1.84%
2021/1/19,2.989,2.973,3.003,2.973,-0.54%
2021/1/20,3,2.973,3.001,2.966,0.00%
2021/1/21,2.962,2.918,2.962,2.908,-1.85%
2021/1/22,2.945,2.939,2.948,2.934,0.72%
2021/1/25,2.98,2.938,2.98,2.925,-0.03%
2021/1/26,2.983,2.99,3,2.955,1.77%
2021/1/27,3.012,2.982,3.012,2.975,-0.27%
2021/1/28,3.012,3.022,3.022,2.998,1.34%
2021/1/29,3.04,3.032,3.04,3.008,0.33%
2021/2/1,3.05,2.974,3.05,2.965,-1.91%
2021/2/2,3.005,2.997,3.013,2.983,0.77%
2021/2/3,3.017,3.045,3.048,2.993,1.60%
2021/2/4,3.017,3.075,3.09,2.993,0.99%
2021/2/5,3.15,3.059,3.15,3.048,-0.52%
2021/2/7,3.05,3.043,3.05,3.035,-0.54%
2021/2/8,3.1,3.078,3.1,3.068,1.17%
2021/2/9,3.099,3.074,3.099,3.063,-0.13%
2021/2/10,3.082,3.083,3.083,3.07,0.29%
2021/2/18,3.16,3.098,3.16,3.093,0.49%
2021/2/19,3.126,3.068,3.126,3.058,-0.97%
2021/2/20,3.061,3.07,3.07,3.061,0.07%
2021/2/22,3.1,3.07,3.1,3.058,0.00%
2021/2/23,3.1,3.055,3.1,3.053,-0.49%
2021/2/24,3.073,3.045,3.073,3.032,-0.33%
2021/2/25,3.073,3.072,3.073,3.057,0.89%
2021/2/26,3.163,3.072,3.163,3.058,0.00%
2021/3/1,3.115,3.058,3.115,3.055,-0.46%
2021/3/2,3.076,3.059,3.076,3.048,0.03%
2021/3/3,3.073,3.07,3.073,3.057,0.36%
2021/3/4,3.102,3.083,3.102,3.072,0.42%
2021/3/5,3.15,3.078,3.15,3.056,-0.16%
2021/3/8,3.13,3.07,3.13,3.06,-0.26%
2021/3/9,3.108,3.077,3.108,3.065,0.23%
2021/3/10,3.099,3.074,3.099,3.07,-0.10%
2021/3/11,3.103,3.071,3.103,3.063,-0.10%
2021/3/12,3.11,3.082,3.11,3.069,0.36%
2021/3/15,3.17,3.098,3.17,3.075,0.52%
2021/3/16,3.145,3.083,3.145,3.082,-0.48%
2021/3/17,3.12,3.082,3.133,3.082,-0.03%
2021/3/18,3.107,3.084,3.107,3.083,0.06%
2021/3/19,3.09,3.072,3.09,3.07,-0.39%
2021/3/22,3.135,3.062,3.135,3.051,-0.33%
2021/3/23,3.083,3.048,3.083,3.048,-0.46%
2021/3/24,3.072,3.037,3.085,3.031,-0.36%
2021/3/25,3.05,3.03,3.057,3.028,-0.23%
2021/3/26,3.055,3.038,3.056,3.03,0.26%
2021/3/29,3.1,3.038,3.1,3.033,0.00%
2021/3/30,3.072,3.036,3.072,3.031,-0.07%
2021/3/31,3.057,3.025,3.057,3.023,-0.36%
2021/4/1,3.04,3.023,3.04,3.022,-0.07%
2021/4/2,3.15,3.03,3.15,3.013,0.23%
2021/4/6,3.1,3.043,3.1,3.035,0.43%
2021/4/7,3.103,3.058,3.103,3.042,0.49%
2021/4/8,3.07,3.06,3.07,3.053,0.07%
2021/4/9,3.08,3.055,3.08,3.052,-0.16%
2021/4/12,3.115,3.038,3.115,3.02,-0.56%
2021/4/13,3.076,2.977,3.076,2.977,-2.01%
2021/4/14,3.022,2.986,3.022,2.982,0.30%
2021/4/15,3.022,2.99,3.022,2.984,0.13%
2021/4/16,3.012,2.984,3.012,2.983,-0.20%
2021/4/19,3.08,2.967,3.08,2.964,-0.57%
2021/4/20,2.979,2.955,2.979,2.955,-0.40%
2021/4/21,3.02,2.95,3.02,2.95,-0.17%
2021/4/22,2.995,2.957,2.995,2.953,0.24%
2021/4/23,2.969,2.963,2.969,2.958,0.20%
2021/4/25,2.97,2.977,2.977,2.965,0.47%
2021/4/26,3.089,2.995,3.089,2.975,0.60%
2021/4/27,3.025,2.996,3.025,2.99,0.03%
2021/4/28,3.031,2.993,3.055,2.983,-0.10%
2021/4/29,3.03,2.98,3.03,2.973,-0.43%
2021/4/30,3.005,2.964,3.005,2.948,-0.54%
2021/5/6,2.998,2.941,2.998,2.938,-0.78%
2021/5/7,2.965,2.939,2.965,2.929,-0.07%
2021/5/8,2.917,2.928,2.932,2.917,-0.39%
2021/5/10,2.965,2.913,3.045,2.909,-0.50%
2021/5/11,2.969,2.902,2.969,2.898,-0.38%
2021/5/12,2.95,2.91,2.95,2.89,0.28%
2021/5/13,2.923,2.927,2.933,2.916,0.58%
2021/5/14,2.943,2.933,2.944,2.928,0.20%
2021/5/17,3.05,2.943,3.05,2.939,0.34%
2021/5/18,2.974,2.946,2.974,2.942,0.10%
2021/5/19,2.97,2.929,2.97,2.927,-0.58%
2021/5/20,2.959,2.912,2.959,2.911,-0.58%
2021/5/21,2.928,2.885,2.928,2.865,-0.93%
2021/5/22,2.876,2.876,2.876,2.876,-0.31%
2021/5/24,2.975,2.893,2.975,2.876,0.59%
2021/5/25,2.909,2.898,2.909,2.888,0.17%
2021/5/26,2.907,2.886,2.907,2.883,-0.41%
2021/5/27,2.891,2.9,2.9,2.886,0.49%
2021/5/28,2.938,2.92,2.938,2.9,0.69%
2021/5/31,3.033,2.914,3.033,2.9,-0.21%
2021/6/1,2.943,2.909,2.943,2.904,-0.17%
2021/6/2,2.92,2.92,2.92,2.909,0.38%
2021/6/3,2.935,2.938,2.938,2.916,0.62%
2021/6/4,2.935,2.944,2.944,2.925,0.20%
2021/6/7,3.033,2.983,3.033,2.975,1.32%
2021/6/8,3.018,2.988,3.018,2.973,0.17%
2021/6/9,2.986,2.988,2.988,2.958,0.00%
2021/6/10,3.015,2.974,3.015,2.966,-0.47%
2021/6/11,2.984,2.982,2.984,2.973,0.27%
2021/6/15,3.108,2.996,3.108,2.95,0.47%
2021/6/16,3.003,2.992,3.003,2.984,-0.13%
2021/6/17,3.023,3.001,3.023,2.983,0.30%
2021/6/18,3.03,2.985,3.03,2.974,-0.53%
2021/6/21,3.015,2.96,3.015,2.94,-0.84%
2021/6/22,2.997,2.945,2.997,2.943,-0.51%
2021/6/23,3.01,2.939,3.01,2.931,-0.20%
2021/6/24,2.967,2.933,2.967,2.929,-0.20%
2021/6/25,2.961,2.931,2.966,2.928,-0.07%
2021/6/28,3.05,2.941,3.05,2.919,0.34%
2021/6/29,2.969,2.943,2.969,2.938,0.07%
2021/6/30,2.97,2.933,2.97,2.924,-0.34%
2021/7/1,2.964,2.938,2.964,2.923,0.17%
2021/7/2,2.958,2.946,2.958,2.929,0.27%
2021/7/5,2.97,2.928,2.97,2.923,-0.61%
2021/7/6,2.95,2.929,2.95,2.927,0.03%
2021/7/7,2.944,2.931,2.944,2.918,0.07%
2021/7/8,2.946,2.867,2.946,2.843,-2.18%
2021/7/9,2.919,2.866,2.919,2.864,-0.03%
2021/7/12,2.96,2.792,2.96,2.78,-2.58%
2021/7/13,2.833,2.774,2.833,2.765,-0.64%
2021/7/14,2.82,2.768,2.82,2.763,-0.22%
2021/7/15,2.76,2.785,2.79,2.76,0.61%
2021/7/16,2.827,2.784,2.827,2.772,-0.04%
2021/7/19,2.856,2.786,2.856,2.769,0.07%
2021/7/20,2.796,2.781,2.796,2.779,-0.18%
2021/7/21,2.796,2.74,2.796,2.739,-1.47%
2021/7/22,2.763,2.75,2.763,2.744,0.36%
2021/7/23,2.86,2.729,2.86,2.723,-0.76%
2021/7/26,2.73,2.684,2.73,2.675,-1.65%
2021/7/27,2.738,2.719,2.738,2.683,1.30%
2021/7/28,2.765,2.74,2.765,2.706,0.77%
2021/7/29,2.803,2.718,2.803,2.715,-0.80%
2021/7/30,2.788,2.673,2.788,2.668,-1.66%
2021/8/2,2.788,2.643,2.788,2.615,-1.12%
2021/8/3,2.699,2.667,2.699,2.643,0.91%
2021/8/4,2.707,2.679,2.707,2.672,0.45%
2021/8/5,2.711,2.653,2.711,2.637,-0.97%
2021/8/6,2.697,2.653,2.697,2.653,0.00%
2021/8/7,2.648,2.648,2.648,2.648,-0.21%
2021/8/9,2.697,2.719,2.72,2.653,2.70%
2021/8/10,2.82,2.713,2.82,2.713,-0.22%
2021/8/11,2.753,2.726,2.753,2.717,0.48%
2021/8/12,2.783,2.711,2.783,2.703,-0.55%
2021/8/13,2.815,2.72,2.815,2.71,0.33%
2021/8/16,2.835,2.734,2.835,2.721,0.51%
2021/8/17,2.79,2.725,2.79,2.716,-0.33%
2021/8/18,2.742,2.683,2.742,2.68,-1.54%
2021/8/19,2.745,2.684,2.745,2.669,0.04%
2021/8/20,2.708,2.684,2.708,2.68,0.00%
2021/8/23,2.735,2.706,2.735,2.69,0.82%
2021/8/24,2.743,2.698,2.743,2.689,-0.30%
2021/8/25,2.81,2.689,2.81,2.668,-0.33%
2021/8/26,2.707,2.707,2.707,2.688,0.67%
2021/8/27,2.74,2.697,2.74,2.688,-0.37%
2021/8/30,2.755,2.678,2.755,2.668,-0.70%
2021/8/31,2.73,2.672,2.73,2.667,-0.22%
2021/9/1,2.778,2.635,2.778,2.63,-1.38%
2021/9/2,2.687,2.641,2.687,2.631,0.23%
2021/9/3,2.678,2.652,2.678,2.641,0.42%
2021/9/6,2.77,2.648,2.77,2.633,-0.15%
2021/9/7,2.669,2.67,2.673,2.651,0.83%
2021/9/8,2.729,2.685,2.729,2.673,0.56%
2021/9/9,2.723,2.695,2.723,2.685,0.37%
2021/9/10,2.72,2.708,2.72,2.69,0.48%
2021/9/13,2.805,2.715,2.805,2.69,0.26%
2021/9/14,2.751,2.73,2.751,2.716,0.55%
2021/9/15,2.755,2.735,2.755,2.72,0.18%
2021/9/16,2.785,2.734,2.785,2.729,-0.04%
2021/9/17,2.756,2.724,2.756,2.708,-0.37%
2021/9/18,2.71,2.7,2.715,2.7,-0.88%
2021/9/22,2.753,2.689,2.753,2.686,-0.41%
2021/9/23,2.723,2.692,2.723,2.676,0.11%
2021/9/24,2.728,2.694,2.728,2.69,0.07%
2021/9/26,2.683,2.68,2.684,2.68,-0.52%
2021/9/27,2.778,2.69,2.778,2.68,0.37%
2021/9/28,2.719,2.708,2.719,2.693,0.67%
2021/9/29,2.724,2.708,2.724,2.698,0.00%
2021/9/30,2.743,2.697,2.743,2.69,-0.41%
2021/10/8,2.81,2.723,2.81,2.71,0.96%
2021/10/9,2.715,2.732,2.732,2.715,0.33%
2021/10/11,2.81,2.781,2.81,2.75,1.79%
2021/10/12,2.809,2.785,2.809,2.77,0.14%
2021/10/13,2.805,2.803,2.805,2.783,0.65%
2021/10/14,2.811,2.805,2.811,2.793,0.07%
2021/10/15,2.823,2.861,2.861,2.79,2.00%
2021/10/18,2.9,2.885,2.9,2.848,0.84%
2021/10/19,2.913,2.863,2.913,2.848,-0.76%
2021/10/20,2.898,2.864,2.898,2.844,0.03%
2021/10/21,2.881,2.829,2.881,2.82,-1.22%
2021/10/22,2.871,2.843,2.871,2.823,0.49%
2021/10/25,2.88,2.834,2.88,2.828,-0.32%
2021/10/26,2.863,2.829,2.863,2.818,-0.18%
2021/10/27,2.845,2.827,2.845,2.826,-0.07%
2021/10/28,2.864,2.828,2.864,2.824,0.04%
2021/10/29,2.849,2.832,2.849,2.823,0.14%
2021/11/1,2.93,2.801,2.93,2.795,-1.09%
2021/11/2,2.863,2.787,2.878,2.779,-0.50%
2021/11/3,2.817,2.783,2.817,2.776,-0.14%
2021/11/4,2.807,2.768,2.807,2.762,-0.54%
2021/11/5,2.789,2.723,2.789,2.723,-1.63%
2021/11/8,2.763,2.728,2.763,2.715,0.18%
2021/11/9,2.747,2.739,2.759,2.733,0.40%
2021/11/10,2.784,2.74,2.784,2.724,0.04%
2021/11/11,2.755,2.76,2.76,2.742,0.73%
2021/11/12,2.787,2.763,2.787,2.749,0.11%
2021/11/15,2.82,2.74,2.82,2.736,-0.83%
2021/11/16,2.773,2.741,2.773,2.735,0.04%
2021/11/17,2.769,2.74,2.769,2.738,-0.04%
2021/11/18,2.8,2.733,2.8,2.723,-0.26%
2021/11/19,2.786,2.736,2.786,2.725,0.11%
2021/11/22,2.798,2.73,2.798,2.721,-0.22%
2021/11/23,2.78,2.728,2.78,2.726,-0.07%
2021/11/24,2.758,2.703,2.758,2.696,-0.92%
2021/11/25,2.743,2.701,2.743,2.693,-0.07%
2021/11/26,2.718,2.665,2.718,2.661,-1.33%
2021/11/29,2.71,2.67,2.71,2.665,0.19%
2021/11/30,2.689,2.68,2.689,2.674,0.37%
2021/12/1,2.701,2.693,2.701,2.68,0.49%
2021/12/2,2.725,2.722,2.725,2.693,1.08%
2021/12/3,2.745,2.74,2.745,2.721,0.66%
2021/12/6,2.8,2.682,2.8,2.677,-2.12%
2021/12/7,2.699,2.717,2.721,2.68,1.30%
2021/12/8,2.74,2.723,2.74,2.711,0.22%
2021/12/9,2.775,2.714,2.775,2.709,-0.33%
2021/12/10,2.733,2.7,2.733,2.697,-0.52%
2021/12/13,2.77,2.706,2.77,2.697,0.22%
2021/12/14,2.74,2.68,2.74,2.677,-0.96%
2021/12/15,2.715,2.678,2.715,2.669,-0.07%
2021/12/16,2.7,2.699,2.7,2.68,0.78%
2021/12/17,2.73,2.684,2.73,2.684,-0.56%
2021/12/20,2.745,2.701,2.745,2.694,0.63%
2021/12/21,2.723,2.704,2.723,2.701,0.11%
2021/12/22,2.714,2.685,2.714,2.683,-0.70%
2021/12/23,2.712,2.651,2.712,2.647,-1.27%
2021/12/24,2.678,2.66,2.678,2.647,0.34%
2021/12/27,2.705,2.638,2.705,2.63,-0.83%
2021/12/28,2.67,2.634,2.67,2.631,-0.15%
2021/12/29,2.652,2.608,2.652,2.605,-0.99%
2021/12/30,2.628,2.597,2.628,2.58,-0.42%
2021/12/31,2.613,2.588,2.613,2.574,-0.35%
2022/1/4,2.64,2.583,2.64,2.575,-0.19%
2022/1/5,2.61,2.595,2.61,2.58,0.46%
2022/1/6,2.63,2.622,2.63,2.604,1.04%
2022/1/7,2.648,2.624,2.648,2.618,0.08%
2022/1/10,2.68,2.591,2.68,2.585,-1.26%
2022/1/11,2.625,2.575,2.625,2.57,-0.62%
2022/1/12,2.595,2.568,2.595,2.563,-0.27%
2022/1/13,2.598,2.568,2.598,2.56,0.00%
2022/1/14,2.588,2.575,2.588,2.562,0.27%
2022/1/17,2.64,2.549,2.64,2.546,-1.01%
2022/1/18,2.585,2.478,2.585,2.475,-2.79%
2022/1/19,2.49,2.442,2.49,2.426,-1.45%
2022/1/20,2.469,2.438,2.469,2.43,-0.16%
2022/1/21,2.469,2.398,2.469,2.393,-1.64%
2022/1/24,2.46,2.357,2.46,2.353,-1.71%
2022/1/25,2.393,2.391,2.398,2.36,1.44%
2022/1/26,2.425,2.425,2.43,2.392,1.42%
2022/1/27,2.45,2.44,2.451,2.423,0.62%
2022/1/28,2.478,2.418,2.478,2.418,-0.90%
2022/1/29,2.385,2.39,2.395,2.382,-1.16%
2022/1/30,2.396,2.384,2.396,2.382,-0.27%
2022/2/7,2.487,2.404,2.487,2.403,0.86%
2022/2/8,2.428,2.41,2.428,2.398,0.25%
2022/2/9,2.438,2.433,2.438,2.412,0.95%
2022/2/10,2.441,2.442,2.442,2.421,0.37%
2022/2/11,2.498,2.506,2.52,2.475,2.62%
2022/2/14,2.6,2.52,2.6,2.489,0.56%
2022/2/15,2.58,2.512,2.58,2.501,-0.32%
2022/2/16,2.559,2.5,2.559,2.498,-0.48%
2022/2/17,2.526,2.482,2.526,2.478,-0.72%
2022/2/18,2.511,2.505,2.511,2.479,0.93%
2022/2/21,2.5,2.506,2.52,2.497,0.00%
