,date,on,1w,2w,1m,3m,6m,9m,1y
1496,20160121,2.014,2.405,2.812,2.918,2.986,3.103,3.174,3.253
1495,20160122,2.028,2.4,2.836,2.99,3.031,3.113,3.178,3.256
1494,20160125,2.009,2.376,2.843,3.019,3.0415,3.118,3.18,3.259
1493,20160126,1.997,2.363,2.9,3.057,3.073,3.1235,3.1842,3.2682
1492,20160127,1.995,2.359,2.931,3.092,3.104,3.121,3.181,3.265
1491,20160128,1.992,2.362,2.945,3.134,3.107,3.1205,3.1806,3.265
1490,20160129,1.989,2.33,2.916,3.168,3.103,3.1225,3.1836,3.265
1489,20160201,1.987,2.444,2.875,3.127,3.082,3.1188,3.184,3.265
1488,20160202,1.984,2.455,2.892,3.101,3.081,3.1195,3.184,3.265
1487,20160203,1.983,2.453,2.894,3.095,3.071,3.113,3.178,3.262
1486,20160204,1.983,2.455,2.903,3.089,3.061,3.109,3.177,3.253
1485,20160205,1.984,2.448,2.897,3.079,3.06,3.108,3.1742,3.25
1484,20160206,2.281,2.353,2.853,3.044,3.058,3.1075,3.169,3.251
1483,20160214,1.978,2.313,2.57,2.999,3.0495,3.1065,3.1665,3.251
1482,20160215,1.977,2.3,2.54,2.979,3.041,3.104,3.163,3.25
1481,20160216,1.974,2.297,2.519,2.957,3.029,3.1,3.158,3.25
1480,20160217,1.968,2.297,2.52,2.938,3.014,3.1,3.156,3.25
1479,20160218,1.951,2.285,2.506,2.884,3.004,3.1,3.155,3.25
1478,20160219,1.938,2.286,2.474,2.839,2.967,3.074,3.139,3.234
1477,20160222,1.934,2.286,2.46,2.801,2.947,3.056,3.123,3.219
1476,20160223,1.933,2.283,2.464,2.775,2.927,3.0402,3.11,3.21
1475,20160224,1.956,2.295,2.48,2.759,2.901,3.0255,3.103,3.204
1474,20160225,2.004,2.321,2.517,2.757,2.899,3.0252,3.097,3.197
1473,20160226,2.048,2.345,2.622,2.785,2.899,3.03,3.097,3.192
1472,20160229,2.007,2.335,2.678,2.8,2.899,3.022,3.089,3.186
1471,20160301,1.968,2.308,2.695,2.795,2.8835,3.01,3.078,3.1735
1470,20160302,1.962,2.3,2.658,2.738,2.857,2.996,3.068,3.145
1469,20160303,1.957,2.297,2.613,2.716,2.84,2.993,3.057,3.134
1468,20160304,1.95,2.295,2.592,2.703,2.832,2.989,3.051,3.125
1467,20160307,1.951,2.294,2.581,2.696,2.823,2.98,3.044,3.121
1466,20160308,1.95,2.293,2.574,2.689,2.814,2.976,3.033,3.112
1465,20160309,1.95,2.292,2.57,2.683,2.807,2.972,3.026,3.106
1464,20160310,1.947,2.28,2.568,2.678,2.804,2.959,3.02,3.101
1463,20160311,1.945,2.282,2.561,2.666,2.799,2.949,3.016,3.0955
1462,20160314,1.949,2.281,2.556,2.659,2.793,2.94,3.014,3.093
1461,20160315,1.953,2.281,2.558,2.659,2.793,2.936,3.011,3.091
1460,20160316,1.956,2.282,2.552,2.6585,2.793,2.9302,3.011,3.09
1459,20160317,1.97,2.288,2.551,2.662,2.791,2.916,3.003,3.078
1458,20160318,1.99,2.295,2.553,2.662,2.793,2.902,2.995,3.0685
1457,20160321,1.998,2.302,2.606,2.692,2.795,2.892,2.992,3.0635
1456,20160322,2.007,2.305,2.616,2.699,2.797,2.887,2.985,3.058
1455,20160323,2.0,2.301,2.625,2.7025,2.798,2.884,2.98,3.0555
1454,20160324,1.995,2.297,2.627,2.704,2.799,2.8792,2.978,3.055
1453,20160325,1.989,2.3,2.635,2.702,2.797,2.87,2.9746,3.055
1452,20160328,1.992,2.301,2.657,2.706,2.797,2.868,2.971,3.055
1451,20160329,1.996,2.303,2.678,2.729,2.8002,2.866,2.97,3.054
1450,20160330,2.004,2.312,2.73,2.7665,2.8115,2.869,2.97,3.052
1449,20160331,2.017,2.325,2.788,2.807,2.8248,2.87,2.97,3.051
1448,20160401,2.014,2.32,2.821,2.816,2.8385,2.872,2.969,3.051
1447,20160405,1.993,2.302,2.812,2.8212,2.846,2.878,2.9683,3.05
1446,20160406,1.983,2.294,2.763,2.8068,2.845,2.8805,2.968,3.049
1445,20160407,1.9783,2.289,2.745,2.8,2.847,2.8825,2.968,3.048
1444,20160408,1.98,2.287,2.741,2.798,2.8455,2.8828,2.966,3.047
1443,20160411,1.985,2.291,2.738,2.797,2.8485,2.885,2.965,3.042
1442,20160412,1.993,2.295,2.737,2.797,2.847,2.8875,2.965,3.043
1441,20160413,1.996,2.302,2.739,2.799,2.8485,2.8905,2.966,3.042
1440,20160414,1.999,2.304,2.741,2.799,2.8487,2.8928,2.967,3.042
1439,20160415,1.995,2.301,2.743,2.799,2.848,2.894,2.967,3.044
1438,20160418,1.998,2.302,2.742,2.799,2.848,2.893,2.967,3.042
1437,20160419,2.004,2.305,2.743,2.8,2.85,2.894,2.9675,3.043
1436,20160420,2.018,2.322,2.751,2.803,2.851,2.894,2.967,3.042
1435,20160421,2.029,2.332,2.757,2.8055,2.861,2.8965,2.967,3.042
1434,20160422,2.038,2.334,2.77,2.8115,2.868,2.9025,2.9676,3.042
1433,20160425,2.045,2.342,2.787,2.823,2.8735,2.904,2.967,3.042
1432,20160426,2.036,2.341,2.795,2.829,2.8775,2.907,2.9708,3.042
1431,20160427,2.024,2.346,2.801,2.833,2.883,2.912,2.9712,3.042
1430,20160428,2.021,2.368,2.812,2.8415,2.8925,2.9166,2.9712,3.042
1429,20160429,2.049,2.386,2.823,2.853,2.908,2.927,2.975,3.042
1428,20160503,2.0033,2.34,2.8011,2.8489,2.9044,2.93,2.9767,3.0422
1427,20160504,2.0,2.328,2.797,2.845,2.899,2.933,2.977,3.042
1426,20160505,2.001,2.329,2.794,2.846,2.896,2.9345,2.977,3.042
1425,20160506,2.0,2.326,2.794,2.842,2.894,2.9335,2.977,3.042
1424,20160509,1.999,2.323,2.79,2.841,2.892,2.9325,2.977,3.042
1423,20160510,1.999,2.323,2.792,2.841,2.892,2.9345,2.977,3.042
1422,20160511,1.999,2.324,2.789,2.838,2.894,2.9385,2.978,3.043
1421,20160512,2.0,2.325,2.787,2.835,2.8955,2.9418,2.979,3.044
1420,20160513,2.002,2.324,2.785,2.834,2.9035,2.9452,2.979,3.045
1419,20160516,2.005,2.327,2.786,2.834,2.9075,2.9516,2.981,3.047
1418,20160517,2.011,2.331,2.785,2.835,2.9158,2.9552,2.9812,3.049
1417,20160518,2.011,2.332,2.782,2.839,2.9227,2.9636,2.9822,3.05
1416,20160519,2.01,2.331,2.783,2.837,2.9273,2.9655,2.9823,3.05
1415,20160520,2.008,2.331,2.782,2.839,2.9288,2.9716,2.9843,3.05
1414,20160523,2.004,2.33,2.779,2.84,2.93,2.9762,2.9865,3.05
1413,20160524,2.002,2.33,2.778,2.842,2.933,2.9807,2.9908,3.05
1412,20160525,2.001,2.331,2.779,2.842,2.9385,2.982,2.993,3.05
1411,20160526,2.001,2.332,2.775,2.845,2.941,2.981,2.993,3.05
1410,20160527,2.001,2.333,2.777,2.846,2.942,2.9822,2.992,3.05
1409,20160530,2.002,2.334,2.776,2.846,2.9455,2.9822,2.992,3.05
1408,20160531,2.01,2.338,2.771,2.846,2.946,2.9822,2.992,3.05
1407,20160601,2.006,2.337,2.762,2.842,2.946,2.9823,2.992,3.05
1406,20160602,2.004,2.342,2.763,2.838,2.946,2.9823,2.992,3.05
1405,20160603,1.999,2.338,2.757,2.835,2.947,2.9833,2.993,3.05
1404,20160606,1.998,2.337,2.757,2.839,2.946,2.9833,2.992,3.05
1403,20160607,2.0,2.34,2.754,2.838,2.946,2.9834,2.9935,3.05
1402,20160608,2.0,2.341,2.752,2.838,2.946,2.982,2.993,3.05
1401,20160612,2.0,2.343,2.741,2.842,2.946,2.982,2.993,3.05
1400,20160613,2.0,2.342,2.737,2.844,2.9476,2.9833,2.993,3.05
1399,20160614,2.0,2.341,2.731,2.844,2.9508,2.9834,2.9944,3.05
1398,20160615,2.0,2.341,2.725,2.844,2.9521,2.9834,2.994,3.05
1397,20160616,2.002,2.343,2.726,2.8535,2.9523,2.9834,2.9945,3.05
1396,20160617,2.005,2.346,2.738,2.859,2.9568,2.9844,2.9945,3.05
1395,20160620,2.01,2.351,2.744,2.8675,2.9572,2.9845,2.9945,3.051
1394,20160621,2.019,2.354,2.751,2.8728,2.9573,2.9845,2.9945,3.051
1393,20160622,2.027,2.355,2.759,2.8768,2.9593,2.9835,2.9945,3.051
1392,20160623,2.032,2.358,2.776,2.8813,2.9605,2.9835,2.9945,3.051
1391,20160624,2.035,2.371,2.784,2.8852,2.9626,2.9825,2.9985,3.051
1390,20160627,2.038,2.375,2.792,2.8886,2.9618,2.9845,3.0019,3.051
1389,20160628,2.04,2.381,2.796,2.8899,2.9638,2.9845,3.0012,3.051
1388,20160629,2.038,2.386,2.8,2.89,2.9639,2.9865,3.0012,3.051
1387,20160630,2.037,2.385,2.8,2.887,2.9659,2.9887,3.0012,3.05
1386,20160701,2.027,2.365,2.801,2.877,2.9661,2.9899,3.0012,3.05
1385,20160704,2.014,2.355,2.794,2.869,2.9672,2.99,3.0012,3.05
1384,20160705,2.007,2.344,2.786,2.86,2.9605,2.99,3.0012,3.05
1383,20160706,1.999,2.337,2.774,2.856,2.953,2.989,3.0,3.05
1382,20160707,1.997,2.33,2.76,2.8535,2.9455,2.987,3.0,3.05
1381,20160708,1.996,2.327,2.753,2.8495,2.936,2.983,3.0,3.05
1380,20160711,1.996,2.323,2.741,2.845,2.931,2.9775,2.999,3.05
1379,20160712,1.994,2.319,2.732,2.837,2.924,2.975,2.997,3.05
1378,20160713,1.993,2.313,2.718,2.823,2.907,2.9715,2.996,3.049
1377,20160714,1.993,2.31,2.703,2.81,2.888,2.966,2.994,3.047
1376,20160715,1.996,2.308,2.693,2.803,2.877,2.964,2.986,3.047
1375,20160718,1.996,2.307,2.688,2.799,2.87,2.959,2.985,3.048
1374,20160719,2.003,2.308,2.684,2.795,2.865,2.957,2.985,3.048
1373,20160720,2.005,2.308,2.679,2.794,2.8615,2.956,2.985,3.045
1372,20160721,2.008,2.311,2.677,2.786,2.8575,2.955,2.982,3.046
1371,20160722,2.023,2.321,2.678,2.784,2.856,2.954,2.981,3.044
1370,20160725,2.032,2.332,2.68,2.78,2.854,2.948,2.976,3.041
1369,20160726,2.037,2.348,2.691,2.779,2.851,2.9455,2.974,3.041
1368,20160727,2.038,2.36,2.696,2.777,2.849,2.9446,2.9705,3.041
1367,20160728,2.028,2.359,2.695,2.775,2.8465,2.9385,2.9656,3.039
1366,20160729,2.017,2.348,2.692,2.773,2.846,2.936,2.9658,3.038
1365,20160801,2.012,2.343,2.683,2.7665,2.844,2.934,2.9646,3.0378
1364,20160802,2.008,2.338,2.675,2.761,2.839,2.928,2.9595,3.0358
1363,20160803,2.004,2.332,2.666,2.755,2.8335,2.9225,2.9535,3.0335
1362,20160804,2.002,2.324,2.657,2.739,2.822,2.917,2.9484,3.03
1361,20160805,2.002,2.317,2.649,2.729,2.8185,2.9105,2.9445,3.028
1360,20160808,2.005,2.316,2.639,2.721,2.815,2.907,2.94,3.026
1359,20160809,2.01,2.317,2.635,2.714,2.8105,2.9055,2.937,3.025
1358,20160810,2.017,2.325,2.636,2.709,2.8085,2.9045,2.9347,3.026
1357,20160811,2.021,2.332,2.636,2.705,2.805,2.901,2.9335,3.027
1356,20160812,2.021,2.336,2.636,2.705,2.8045,2.9,2.9309,3.026
1355,20160815,2.0233,2.3411,2.64,2.7056,2.8028,2.9,2.9318,3.0278
1354,20160816,2.022,2.343,2.637,2.702,2.7995,2.898,2.9295,3.026
1353,20160817,2.022,2.345,2.635,2.698,2.796,2.897,2.927,3.026
1352,20160818,2.023,2.347,2.634,2.696,2.794,2.895,2.927,3.026
1351,20160819,2.023,2.347,2.631,2.696,2.793,2.896,2.926,3.027
1350,20160822,2.0233,2.3467,2.6333,2.6978,2.7944,2.8967,2.9267,3.0267
1349,20160823,2.033,2.352,2.632,2.696,2.793,2.895,2.926,3.026
1348,20160824,2.043,2.362,2.641,2.6976,2.794,2.896,2.927,3.027
1347,20160825,2.044,2.364,2.647,2.6998,2.795,2.896,2.927,3.027
1346,20160826,2.044,2.362,2.637,2.697,2.796,2.895,2.927,3.027
1345,20160829,2.049,2.364,2.621,2.696,2.795,2.894,2.927,3.027
1344,20160830,2.063,2.366,2.602,2.696,2.795,2.8915,2.9265,3.025
1343,20160831,2.065,2.369,2.583,2.696,2.794,2.8915,2.9265,3.027
1342,20160901,2.066,2.368,2.5713,2.696,2.791,2.8895,2.9255,3.026
1341,20160902,2.066,2.369,2.555,2.69,2.788,2.886,2.924,3.0265
1340,20160905,2.07,2.369,2.544,2.686,2.786,2.884,2.921,3.0255
1339,20160906,2.077,2.368,2.536,2.682,2.7845,2.8805,2.92,3.0265
1338,20160907,2.0803,2.368,2.529,2.677,2.781,2.879,2.921,3.0265
1337,20160908,2.081,2.37,2.52,2.6745,2.781,2.877,2.921,3.0255
1336,20160909,2.085,2.3765,2.517,2.677,2.7831,2.879,2.921,3.0255
1335,20160912,2.095,2.378,2.516,2.6767,2.7849,2.8789,2.921,3.0265
1334,20160913,2.108,2.3855,2.5165,2.6792,2.785,2.8789,2.921,3.0265
1333,20160914,2.128,2.392,2.519,2.686,2.7885,2.8794,2.921,3.0265
1332,20160918,2.14,2.394,2.522,2.6896,2.7919,2.8815,2.921,3.0275
1331,20160919,2.154,2.397,2.531,2.695,2.796,2.8822,2.9226,3.0275
1330,20160920,2.159,2.4,2.533,2.699,2.799,2.8823,2.9248,3.0275
1329,20160921,2.167,2.405,2.54,2.7069,2.8009,2.8843,2.924,3.0275
1328,20160922,2.168,2.408,2.56,2.7177,2.803,2.8875,2.9249,3.0275
1327,20160923,2.1668,2.406,2.577,2.7298,2.804,2.8888,2.928,3.0275
1326,20160926,2.164,2.439,2.581,2.733,2.804,2.8899,2.9283,3.0265
1325,20160927,2.166,2.459,2.589,2.7353,2.8025,2.887,2.9284,3.0265
1324,20160928,2.178,2.476,2.595,2.7396,2.8015,2.887,2.9284,3.0265
1323,20160929,2.188,2.487,2.602,2.743,2.8015,2.887,2.9284,3.0265
1322,20160930,2.327,2.477,2.602,2.741,2.8015,2.887,2.9284,3.0265
1321,20161008,2.193,2.442,2.588,2.736,2.8015,2.887,2.9284,3.0275
1320,20161009,2.175,2.425,2.574,2.73,2.8015,2.887,2.9284,3.0275
1319,20161010,2.162,2.41,2.561,2.725,2.8015,2.887,2.9284,3.0275
1318,20161011,2.153,2.394,2.552,2.718,2.8015,2.887,2.9284,3.0275
1317,20161012,2.15,2.383,2.545,2.7148,2.8015,2.887,2.9284,3.0275
1316,20161013,2.151,2.378,2.543,2.7125,2.8025,2.8877,2.9284,3.0275
1315,20161014,2.153,2.374,2.541,2.711,2.8025,2.887,2.9284,3.0275
1314,20161017,2.159,2.375,2.542,2.7101,2.804,2.887,2.9284,3.0275
1313,20161018,2.173,2.381,2.544,2.7121,2.804,2.887,2.9284,3.0275
1312,20161019,2.196,2.39,2.55,2.7133,2.804,2.8887,2.9309,3.028
1311,20161020,2.208,2.397,2.553,2.7213,2.8054,2.8889,2.9361,3.028
1310,20161021,2.222,2.401,2.554,2.7242,2.8096,2.8899,2.9387,3.028
1309,20161024,2.231,2.404,2.556,2.7245,2.813,2.891,2.9409,3.029
1308,20161025,2.238,2.404,2.56,2.7265,2.814,2.893,2.943,3.03
1307,20161026,2.248,2.409,2.566,2.7347,2.8164,2.894,2.944,3.03
1306,20161027,2.254,2.411,2.57,2.7365,2.8207,2.895,2.945,3.031
1305,20161028,2.254,2.415,2.573,2.7427,2.8221,2.898,2.9485,3.032
1304,20161031,2.253,2.418,2.573,2.7453,2.8233,2.9,2.951,3.032
1303,20161101,2.252,2.416,2.573,2.7486,2.8254,2.902,2.952,3.032
1302,20161102,2.2492,2.414,2.573,2.7509,2.8296,2.9032,2.952,3.035
1301,20161103,2.245,2.408,2.572,2.749,2.838,2.9034,2.9562,3.038
1300,20161104,2.232,2.405,2.57,2.7489,2.8458,2.9064,2.9587,3.0408
1299,20161107,2.206,2.399,2.567,2.7489,2.8576,2.9112,2.9599,3.041
1298,20161108,2.187,2.392,2.565,2.747,2.8648,2.9137,2.961,3.041
1297,20161109,2.182,2.389,2.562,2.745,2.8655,2.9154,2.9635,3.0415
1296,20161110,2.196,2.393,2.563,2.746,2.8701,2.9185,2.964,3.044
1295,20161111,2.211,2.402,2.563,2.7476,2.8751,2.9209,2.965,3.045
1294,20161114,2.231,2.407,2.565,2.7508,2.8846,2.923,2.968,3.048
1293,20161115,2.247,2.415,2.569,2.7511,2.8955,2.9303,2.9738,3.049
1292,20161116,2.257,2.428,2.574,2.7545,2.9125,2.938,2.9792,3.054
1291,20161117,2.259,2.436,2.581,2.7608,2.9325,2.9526,2.9888,3.0605
1290,20161118,2.265,2.444,2.585,2.7739,2.9505,2.9715,2.999,3.0712
1289,20161121,2.271,2.448,2.593,2.7894,2.9701,2.9852,3.0069,3.0782
1288,20161122,2.273,2.45,2.597,2.799,2.9765,2.996,3.014,3.0825
1287,20161123,2.277,2.451,2.601,2.8089,2.9857,3.0036,3.0184,3.0853
1286,20161124,2.282,2.452,2.602,2.8199,2.9956,3.0104,3.0289,3.0976
1285,20161125,2.289,2.458,2.603,2.826,3.0026,3.0201,3.0349,3.1088
1284,20161128,2.298,2.466,2.607,2.8446,3.0113,3.0331,3.0445,3.1199
1283,20161129,2.302,2.481,2.618,2.8565,3.0172,3.0434,3.0535,3.131
1282,20161130,2.316,2.496,2.638,2.8697,3.0358,3.0604,3.0714,3.1491
1281,20161201,2.325,2.502,2.653,2.893,3.0556,3.0771,3.0902,3.16
1280,20161202,2.32,2.501,2.658,2.9163,3.0686,3.0868,3.1001,3.173
1279,20161205,2.308,2.497,2.662,2.9457,3.0889,3.1057,3.1211,3.1853
1278,20161206,2.299,2.493,2.666,2.9756,3.1039,3.1226,3.1442,3.2066
1277,20161207,2.292,2.491,2.675,2.9996,3.1134,3.1383,3.1655,3.2197
1276,20161208,2.2908,2.4908,2.6785,3.03,3.1144,3.1399,3.1696,3.231
1275,20161209,2.2925,2.4928,2.682,3.056,3.1265,3.144,3.176,3.2391
1274,20161212,2.292,2.494,2.686,3.0756,3.1377,3.1464,3.1816,3.246
1273,20161213,2.296,2.496,2.694,3.0916,3.1498,3.1607,3.1942,3.2606
1272,20161214,2.3,2.499,2.6994,3.1072,3.1568,3.1731,3.2082,3.2741
1271,20161215,2.311,2.505,2.705,3.1245,3.1635,3.1842,3.2275,3.2855
1270,20161216,2.33,2.519,2.712,3.1545,3.1774,3.1985,3.2418,3.2986
1269,20161219,2.335,2.525,2.726,3.1695,3.1898,3.2099,3.2502,3.3059
1268,20161220,2.345,2.5375,2.7465,3.2,3.204,3.222,3.2661,3.3186
1267,20161221,2.345,2.544,2.76,3.221,3.2164,3.2312,3.2767,3.3349
1266,20161222,2.341,2.544,2.77,3.2371,3.2267,3.2442,3.2827,3.3455
1265,20161223,2.323,2.543,2.776,3.2558,3.2337,3.2515,3.2873,3.3546
1264,20161226,2.294,2.545,2.783,3.2716,3.2414,3.2672,3.2928,3.3575
1263,20161227,2.264,2.547,2.786,3.2842,3.2512,3.2718,3.2973,3.3598
1262,20161228,2.246,2.545,2.799,3.2945,3.2592,3.2762,3.3018,3.361
1261,20161229,2.227,2.544,2.813,3.2988,3.2651,3.2835,3.3115,3.3675
1260,20161230,2.23,2.543,2.828,3.3059,3.2726,3.2864,3.3192,3.3728
1259,20170103,2.209,2.589,2.817,3.3126,3.2813,3.3037,3.331,3.3833
1258,20170104,2.172,2.545,2.805,3.3223,3.2912,3.3094,3.3391,3.3904
1257,20170105,2.13,2.474,2.792,3.3578,3.3384,3.345,3.367,3.4311
1256,20170106,2.112,2.441,2.782,3.4101,3.4388,3.438,3.4413,3.4882
1255,20170109,2.094,2.41,2.765,3.4738,3.5152,3.5093,3.4962,3.5329
1254,20170110,2.096,2.399,2.762,3.5314,3.5526,3.5481,3.5247,3.5533
1253,20170111,2.104,2.39,2.753,3.5662,3.5853,3.5809,3.5495,3.5674
1252,20170112,2.103,2.394,2.743,3.6387,3.6536,3.6201,3.572,3.5838
1251,20170113,2.104,2.398,2.7626,3.6718,3.6874,3.6461,3.5872,3.6014
1250,20170116,2.142,2.4239,2.7815,3.6852,3.7018,3.6617,3.5968,3.6102
1249,20170117,2.2563,2.4666,2.8076,3.7116,3.7222,3.6812,3.6117,3.6321
1248,20170118,2.328,2.5042,2.855,3.7502,3.7491,3.6982,3.6272,3.6513
1247,20170119,2.364,2.538,2.9544,3.7951,3.803,3.7369,3.6398,3.6602
1246,20170120,2.376,2.593,3.0077,3.8196,3.8213,3.7427,3.647,3.6691
1245,20170122,2.189,2.607,3.0131,3.808,3.8301,3.7628,3.6557,3.677
1244,20170123,2.175,2.637,3.0215,3.8118,3.8401,3.774,3.6666,3.6847
1243,20170124,2.164,2.662,3.0385,3.8142,3.8401,3.7802,3.6787,3.6905
1242,20170125,2.165,2.684,3.0672,3.8295,3.8551,3.8146,3.7005,3.7136
1241,20170126,2.5293,2.691,3.1763,3.851,3.8706,3.8377,3.7233,3.7396
1240,20170203,2.218,2.652,3.0675,3.8761,3.9175,3.878,3.7705,3.786
1239,20170204,2.2571,2.648,3.0434,3.8907,3.9348,3.9039,3.8092,3.8214
1238,20170206,2.278,2.628,3.0562,3.9031,3.9497,3.9195,3.847,3.8542
1237,20170207,2.281,2.6283,3.067,3.9304,4.016,3.9429,3.8751,3.882
1236,20170208,2.2765,2.633,3.0856,3.9601,4.1094,3.9722,3.8882,3.9019
1235,20170209,2.272,2.634,3.0919,3.9839,4.144,4.0045,3.9084,3.9168
1234,20170210,2.2678,2.6233,3.0911,3.9938,4.1727,4.0217,3.9288,3.9352
1233,20170213,2.264,2.623,3.097,4.0052,4.2029,4.07,3.9503,3.953
1232,20170214,2.261,2.6208,3.0988,4.016,4.2148,4.1012,3.9668,3.968
1231,20170215,2.2658,2.627,3.1033,4.0312,4.2394,4.1381,3.9835,3.9846
1230,20170216,2.333,2.6435,3.1098,4.0516,4.2518,4.1463,3.9924,3.9906
1229,20170217,2.36,2.664,3.1132,4.0652,4.2567,4.1567,4.0007,4.0005
1228,20170220,2.4086,2.675,3.1295,4.075,4.2622,4.1665,4.0057,4.0064
1227,20170221,2.483,2.691,3.1388,4.082,4.2704,4.1755,4.0091,4.0102
1226,20170222,2.4845,2.706,3.142,4.085,4.2778,4.1824,4.0155,4.0225
1225,20170223,2.5271,2.716,3.146,4.093,4.284,4.1881,4.0245,4.0305
1224,20170224,2.4756,2.725,3.15,4.091,4.2829,4.19,4.0334,4.0362
1223,20170227,2.4338,2.711,3.15,4.082,4.2804,4.1922,4.0353,4.0407
1222,20170228,2.493,2.728,3.158,4.08,4.2841,4.196,4.0437,4.0467
1221,20170301,2.4943,2.729,3.163,4.0763,4.2881,4.1998,4.0454,4.0497
1220,20170302,2.4611,2.732,3.167,4.083,4.2904,4.2,4.0487,4.0492
1219,20170303,2.369,2.659,3.138,4.0851,4.2905,4.2002,4.0499,4.051
1218,20170306,2.4033,2.646,3.137,4.0951,4.2925,4.201,4.051,4.0511
1217,20170307,2.4041,2.644,3.14,4.1016,4.2918,4.201,4.0516,4.0527
1216,20170308,2.4061,2.655,3.156,4.1052,4.2932,4.201,4.0527,4.0536
1215,20170309,2.4076,2.659,3.159,4.1126,4.2943,4.201,4.0567,4.0539
1214,20170310,2.4019,2.655,3.161,4.1153,4.2942,4.2031,4.0604,4.0551
1213,20170313,2.379,2.649,3.163,4.1226,4.2925,4.2054,4.0648,4.0614
1212,20170314,2.3761,2.652,3.168,4.1343,4.2925,4.2146,4.0764,4.0678
1211,20170315,2.3869,2.656,3.1825,4.1537,4.2933,4.2205,4.0837,4.0818
1210,20170316,2.441,2.6938,3.2137,4.2218,4.3267,4.2581,4.1094,4.1052
1209,20170317,2.633,2.725,3.236,4.2775,4.3507,4.2909,4.134,4.1246
1208,20170320,2.6325,2.7471,3.269,4.3172,4.3711,4.3091,4.1504,4.1435
1207,20170321,2.6477,2.768,3.307,4.3558,4.3846,4.3218,4.1621,4.1559
1206,20170322,2.6507,2.791,3.3372,4.3959,4.4077,4.346,4.1713,4.1649
1205,20170323,2.657,2.807,3.365,4.4475,4.4396,4.3592,4.1772,4.1717
1204,20170324,2.604,2.784,3.362,4.4581,4.4516,4.3663,4.1788,4.1835
1203,20170327,2.482,2.7993,3.3378,4.4296,4.4364,4.3597,4.1829,4.1874
1202,20170328,2.448,2.791,3.3341,4.4105,4.423,4.356,4.1883,4.1918
1201,20170329,2.521,2.81,3.3544,4.3955,4.4135,4.353,4.1919,4.1952
1200,20170330,2.507,2.821,3.383,4.3843,4.3995,4.349,4.1942,4.2006
1199,20170331,2.5384,2.85,3.405,4.3501,4.393,4.35,4.195,4.2
1198,20170401,2.497,2.778,3.356,4.317,4.3642,4.351,4.197,4.2
1197,20170405,2.4868,2.74,3.3053,4.2525,4.3355,4.347,4.197,4.2
1196,20170406,2.537,2.7506,3.2754,4.1783,4.3183,4.345,4.197,4.2
1195,20170407,2.4957,2.741,3.249,4.118,4.301,4.339,4.197,4.2
1194,20170410,2.442,2.707,3.2203,4.0746,4.2906,4.332,4.1977,4.201
1193,20170411,2.408,2.687,3.1897,4.0382,4.2774,4.322,4.1975,4.201
1192,20170412,2.3885,2.6631,3.1637,4.0132,4.2653,4.316,4.1968,4.2011
1191,20170413,2.413,2.6566,3.1553,4.0016,4.2631,4.3166,4.1987,4.2022
1190,20170414,2.429,2.674,3.1617,3.9972,4.2634,4.3177,4.1989,4.2013
1189,20170417,2.444,2.69,3.1735,3.9972,4.2609,4.3148,4.1989,4.2022
1188,20170418,2.486,2.7175,3.188,3.9978,4.2621,4.3145,4.1999,4.2023
1187,20170419,2.575,2.752,3.2125,4.0008,4.2661,4.3225,4.2069,4.2113
1186,20170420,2.5987,2.758,3.2275,4.005,4.2725,4.3242,4.2096,4.2121
1185,20170421,2.6163,2.76,3.229,4.0095,4.2781,4.3254,4.2139,4.2145
1184,20170424,2.7157,2.79,3.241,4.01,4.2789,4.3276,4.2164,4.2175
1183,20170425,2.7514,2.814,3.268,4.01,4.2839,4.3288,4.2217,4.2228
1182,20170426,2.759,2.8203,3.2799,4.011,4.2884,4.3309,4.2232,4.2243
1181,20170427,2.792,2.8449,3.2935,4.0161,4.2917,4.3331,4.2244,4.2255
1180,20170428,2.819,2.8699,3.3038,4.0237,4.2974,4.3364,4.2265,4.2296
1179,20170502,2.8175,2.873,3.317,4.027,4.3002,4.3397,4.2317,4.233
1178,20170503,2.8451,2.913,3.349,4.0361,4.3309,4.35,4.2412,4.2453
1177,20170504,2.8506,2.927,3.365,4.0436,4.3476,4.3602,4.2449,4.2503
1176,20170505,2.8348,2.9186,3.366,4.0469,4.3608,4.3664,4.2466,4.2512
1175,20170508,2.818,2.9091,3.3683,4.0447,4.3731,4.3744,4.251,4.2555
1174,20170509,2.8199,2.9233,3.3752,4.0441,4.3848,4.3799,4.2557,4.2612
1173,20170510,2.827,2.93,3.3805,4.0463,4.3933,4.3857,4.2623,4.2674
1172,20170511,2.813,2.9294,3.3846,4.0507,4.4083,4.392,4.2644,4.2715
1171,20170512,2.7911,2.9107,3.3872,4.0468,4.4088,4.3952,4.2665,4.2724
1170,20170515,2.716,2.8833,3.389,4.0462,4.4184,4.3996,4.2679,4.2739
1169,20170516,2.746,2.8827,3.393,4.0477,4.4278,4.402,4.2727,4.2784
1168,20170517,2.7525,2.882,3.397,4.0495,4.4349,4.4021,4.2765,4.2831
1167,20170518,2.7641,2.8867,3.4134,4.0525,4.4439,4.4043,4.2814,4.2864
1166,20170519,2.715,2.88,3.419,4.0571,4.4641,4.413,4.285,4.2925
1165,20170522,2.6745,2.8679,3.4366,4.061,4.4744,4.4148,4.2881,4.3024
1164,20170523,2.654,2.8571,3.4489,4.0624,4.4956,4.4215,4.2965,4.3137
1163,20170524,2.623,2.8426,3.4513,4.0643,4.5177,4.4262,4.3107,4.322
1162,20170525,2.611,2.843,3.4576,4.0646,4.5338,4.4368,4.3251,4.3342
1161,20170526,2.609,2.853,3.4644,4.0655,4.5424,4.4437,4.3346,4.3435
1160,20170527,2.601,2.854,3.4664,4.0685,4.5528,4.4481,4.3414,4.3544
1159,20170531,2.6365,2.856,3.4711,4.0763,4.5641,4.4499,4.3443,4.3579
1158,20170601,2.6525,2.866,3.4738,4.1013,4.5779,4.451,4.3487,4.37
1157,20170602,2.7953,2.884,3.484,4.1892,4.6012,4.449,4.3529,4.3773
1156,20170605,2.8167,2.894,3.493,4.283,4.6225,4.4542,4.3623,4.3862
1155,20170606,2.8419,2.8959,3.4992,4.3633,4.6577,4.4631,4.3668,4.3922
1154,20170607,2.809,2.8919,3.5119,4.4304,4.6988,4.4844,4.3758,4.3991
1153,20170608,2.8199,2.8939,3.526,4.5146,4.7306,4.4955,4.3836,4.406
1152,20170609,2.8275,2.8949,3.535,4.5854,4.7555,4.5056,4.3884,4.4116
1151,20170612,2.8302,2.8968,3.5495,4.6273,4.7763,4.5176,4.3891,4.4172
1150,20170613,2.832,2.9,3.557,4.6529,4.7827,4.5258,4.3949,4.4208
1149,20170614,2.825,2.9026,3.566,4.6826,4.7827,4.5326,4.3985,4.4231
1148,20170615,2.8317,2.9047,3.569,4.6946,4.7723,4.5353,4.4039,4.4264
1147,20170616,2.8528,2.914,3.5833,4.699,4.7613,4.5416,4.4064,4.4297
1146,20170619,2.8635,2.9204,3.6223,4.6979,4.747,4.543,4.4094,4.431
1145,20170620,2.8776,2.93,3.6501,4.6584,4.7141,4.5389,4.414,4.4368
1144,20170621,2.889,2.9429,3.687,4.6322,4.688,4.5349,4.4181,4.4359
1143,20170622,2.869,2.9432,3.7333,4.607,4.6521,4.5306,4.4177,4.4342
1142,20170623,2.81,2.936,3.7634,4.589,4.63,4.5277,4.4167,4.4345
1141,20170626,2.717,2.9063,3.764,4.5738,4.6125,4.521,4.4154,4.4369
1140,20170627,2.626,2.8834,3.765,4.548,4.5833,4.5134,4.411,4.433
1139,20170628,2.5596,2.8577,3.762,4.5219,4.5522,4.4998,4.4086,4.4299
1138,20170629,2.539,2.8507,3.7595,4.4955,4.5211,4.4833,4.402,4.4193
1137,20170630,2.618,2.8455,3.751,4.4608,4.5009,4.4743,4.4006,4.4203
1136,20170703,2.72,2.841,3.745,4.4252,4.4857,4.47,4.4005,4.4193
1135,20170704,2.6897,2.8299,3.7342,4.3987,4.4606,4.4569,4.4,4.4162
1134,20170705,2.583,2.8028,3.7206,4.338,4.4285,4.4431,4.4,4.413
1133,20170706,2.5473,2.7919,3.708,4.2762,4.3876,4.4274,4.399,4.4108
1132,20170707,2.533,2.7858,3.699,4.215,4.3607,4.41,4.398,4.4091
1131,20170710,2.549,2.784,3.693,4.161,4.3421,4.4006,4.398,4.4073
1130,20170711,2.621,2.812,3.691,4.1205,4.3212,4.3995,4.398,4.4075
1129,20170712,2.646,2.8156,3.6918,4.0848,4.3088,4.3909,4.3961,4.4066
1128,20170713,2.659,2.8184,3.694,4.0675,4.29,4.3879,4.3978,4.4074
1127,20170714,2.627,2.803,3.686,4.0397,4.281,4.385,4.395,4.4051
1126,20170717,2.6329,2.8057,3.6809,4.012,4.2706,4.379,4.3929,4.405
1125,20170718,2.701,2.8293,3.6926,3.9989,4.2666,4.3692,4.3879,4.4034
1124,20170719,2.722,2.842,3.6973,3.992,4.26,4.3685,4.3854,4.4008
1123,20170720,2.7534,2.853,3.705,3.9792,4.2551,4.3597,4.3812,4.3976
1122,20170721,2.733,2.847,3.702,3.9497,4.255,4.3517,4.3804,4.3977
1121,20170724,2.708,2.845,3.699,3.93,4.255,4.3453,4.3782,4.396
1120,20170725,2.7147,2.849,3.698,3.9205,4.254,4.3444,4.377,4.3935
1119,20170726,2.725,2.849,3.6997,3.9086,4.251,4.3434,4.3759,4.3904
1118,20170727,2.786,2.8626,3.703,3.8994,4.25,4.3432,4.376,4.3908
1117,20170728,2.8152,2.877,3.703,3.8915,4.2514,4.3481,4.3761,4.3892
1116,20170731,2.806,2.882,3.705,3.889,4.2561,4.3493,4.379,4.3881
1115,20170801,2.8093,2.886,3.708,3.8886,4.2631,4.3518,4.3815,4.3931
1114,20170802,2.832,2.892,3.707,3.8875,4.2681,4.3521,4.3837,4.3961
1113,20170803,2.807,2.884,3.7037,3.8884,4.2704,4.3563,4.3838,4.3982
1112,20170804,2.721,2.8657,3.7,3.8828,4.2724,4.3562,4.3822,4.3979
1111,20170807,2.736,2.865,3.699,3.8781,4.2733,4.3573,4.3821,4.398
1110,20170808,2.784,2.871,3.701,3.8755,4.2735,4.3614,4.3821,4.397
1109,20170809,2.8018,2.8821,3.702,3.8756,4.2818,4.3633,4.3823,4.398
1108,20170810,2.797,2.8767,3.702,3.8691,4.2867,4.3636,4.3836,4.3985
1107,20170811,2.79,2.8725,3.7,3.8627,4.2979,4.3673,4.3837,4.3985
1106,20170814,2.7743,2.868,3.7,3.8512,4.3148,4.3763,4.3859,4.3981
1105,20170815,2.798,2.874,3.7,3.848,4.3268,4.3795,4.3888,4.3999
1104,20170816,2.8213,2.88,3.702,3.85,4.3363,4.3787,4.3892,4.4
1103,20170817,2.8352,2.8927,3.708,3.8582,4.3417,4.3818,4.3899,4.4
1102,20170818,2.8355,2.894,3.7154,3.8644,4.344,4.3836,4.3912,4.401
1101,20170821,2.8482,2.897,3.7247,3.8671,4.3464,4.3847,4.3923,4.402
1100,20170822,2.8171,2.8985,3.7279,3.8712,4.3505,4.3872,4.3924,4.4032
1099,20170823,2.8453,2.9028,3.7323,3.8757,4.3571,4.3892,4.3929,4.4041
1098,20170824,2.8479,2.904,3.7385,3.8839,4.3619,4.3896,4.394,4.4051
1097,20170825,2.855,2.9098,3.739,3.8872,4.3689,4.3898,4.3945,4.4068
1096,20170828,2.851,2.9064,3.7399,3.8915,4.374,4.3924,4.3975,4.4078
1095,20170829,2.922,2.921,3.7447,3.8962,4.3765,4.3937,4.4008,4.4107
1094,20170830,2.9237,2.9266,3.75,3.9055,4.3867,4.3968,4.4018,4.4133
1093,20170831,2.831,2.8879,3.7336,3.892,4.3728,4.3884,4.3945,4.4038
1092,20170901,2.813,2.8764,3.7262,3.892,4.3741,4.3861,4.3919,4.4023
1091,20170904,2.75,2.8572,3.7238,3.9032,4.4023,4.3919,4.3916,4.4017
1090,20170905,2.665,2.8202,3.715,3.9094,4.4173,4.3961,4.3942,4.4032
1089,20170906,2.641,2.8092,3.713,3.919,4.4271,4.3981,4.3965,4.4034
1088,20170907,2.6406,2.8056,3.711,3.9335,4.4348,4.4014,4.4006,4.4055
1087,20170908,2.636,2.8023,3.7088,3.937,4.4281,4.4019,4.4011,4.4059
1086,20170911,2.644,2.8014,3.7085,3.9339,4.4034,4.3974,4.4011,4.4033
1085,20170912,2.6483,2.8036,3.7085,3.9354,4.3768,4.3908,4.397,4.4009
1084,20170913,2.65,2.8056,3.7103,3.9305,4.3711,4.3891,4.3957,4.401
1083,20170914,2.681,2.8239,3.713,3.9361,4.3675,4.3874,4.397,4.399
1082,20170915,2.6958,2.832,3.7218,3.951,4.3647,4.387,4.398,4.4015
1081,20170918,2.756,2.844,3.737,3.9667,4.3643,4.3874,4.3976,4.4012
1080,20170919,2.832,2.868,3.7524,3.9815,4.3638,4.3903,4.3988,4.4032
1079,20170920,2.79,2.869,3.758,3.9854,4.367,4.3918,4.3989,4.404
1078,20170921,2.8057,2.869,3.7639,3.9897,4.3675,4.3919,4.397,4.4031
1077,20170922,2.756,2.858,3.7659,3.9908,4.3611,4.39,4.399,4.4028
1076,20170925,2.758,2.8987,3.7719,3.9941,4.3578,4.3884,4.3977,4.4033
1075,20170926,2.837,2.9291,3.7811,4.0062,4.3558,4.3875,4.3978,4.404
1074,20170927,2.863,2.9494,3.791,4.0174,4.3565,4.3875,4.399,4.4048
1073,20170928,2.917,2.9675,3.7929,4.0565,4.356,4.3866,4.398,4.4049
1072,20170929,2.804,2.9639,3.8077,4.0743,4.3561,4.3865,4.3976,4.4043
1071,20170930,2.938,2.9671,3.8194,4.0693,4.3565,4.3863,4.3975,4.404
1070,20171009,2.74,2.9201,3.818,4.0614,4.3502,4.3878,4.399,4.403
1069,20171010,2.738,2.939,3.813,4.056,4.3541,4.3868,4.398,4.403
1068,20171011,2.741,2.9247,3.8097,4.052,4.3555,4.3872,4.3983,4.4025
1067,20171012,2.657,2.886,3.7989,4.0512,4.3581,4.3877,4.3973,4.401
1066,20171013,2.605,2.8516,3.7923,4.049,4.3599,4.3868,4.398,4.4017
1065,20171016,2.594,2.848,3.7784,4.0427,4.3668,4.3875,4.3978,4.4012
1064,20171017,2.6003,2.8483,3.7732,4.0356,4.3711,4.388,4.3979,4.4015
1063,20171018,2.596,2.8468,3.7719,4.0342,4.3729,4.3887,4.3978,4.4018
1062,20171019,2.592,2.8405,3.7758,4.0285,4.3737,4.3892,4.3977,4.4016
1061,20171020,2.5782,2.8379,3.7812,4.0235,4.3758,4.3883,4.399,4.4032
1060,20171023,2.616,2.8341,3.7879,4.02,4.3793,4.3888,4.398,4.4032
1059,20171024,2.634,2.8343,3.795,4.0186,4.3803,4.3892,4.398,4.4017
1058,20171025,2.664,2.8594,3.802,4.0188,4.383,4.3891,4.398,4.4029
1057,20171026,2.6937,2.8699,3.807,4.019,4.3845,4.3916,4.3988,4.4049
1056,20171027,2.7181,2.8788,3.8206,4.0194,4.3901,4.3926,4.4001,4.4045
1055,20171030,2.72,2.888,3.8343,4.02,4.3926,4.3936,4.402,4.4107
1054,20171031,2.736,2.894,3.846,4.027,4.3954,4.3978,4.4063,4.4176
1053,20171101,2.739,2.894,3.85,4.029,4.408,4.4034,4.4114,4.4223
1052,20171102,2.626,2.859,3.836,4.0289,4.4099,4.4101,4.4171,4.4287
1051,20171103,2.5772,2.8249,3.8287,4.0133,4.4217,4.4165,4.4235,4.4338
1050,20171106,2.512,2.797,3.8122,4.0059,4.4294,4.4297,4.4237,4.4364
1049,20171107,2.552,2.7878,3.7999,3.9975,4.4314,4.4319,4.4255,4.4402
1048,20171108,2.595,2.7892,3.798,3.9935,4.4377,4.439,4.4345,4.4422
1047,20171109,2.646,2.811,3.8,4.0034,4.4568,4.4489,4.4403,4.4497
1046,20171110,2.717,2.8455,3.812,4.0104,4.4747,4.4569,4.4482,4.4573
1045,20171113,2.787,2.8592,3.8228,4.0132,4.5155,4.4675,4.4583,4.4661
1044,20171114,2.827,2.8765,3.833,4.0144,4.5346,4.4968,4.4686,4.4778
1043,20171115,2.806,2.886,3.84,4.0164,4.5455,4.5227,4.4946,4.5018
1042,20171116,2.8,2.886,3.843,4.027,4.5656,4.5437,4.5225,4.5432
1041,20171117,2.738,2.865,3.846,4.0307,4.6016,4.5804,4.5553,4.5704
1040,20171120,2.786,2.859,3.85,4.0301,4.6222,4.606,4.5636,4.575
1039,20171121,2.808,2.861,3.853,4.0351,4.6243,4.6086,4.5694,4.5835
1038,20171122,2.809,2.868,3.86,4.0376,4.6375,4.6159,4.582,4.5904
1037,20171123,2.803,2.871,3.87,4.0388,4.6518,4.6236,4.5862,4.5971
1036,20171124,2.797,2.873,3.872,4.0379,4.6722,4.6344,4.5907,4.6018
1035,20171127,2.819,2.883,3.875,4.0368,4.7103,4.6495,4.5975,4.6072
1034,20171128,2.799,2.883,3.879,4.0367,4.728,4.666,4.6028,4.6138
1033,20171129,2.683,2.877,3.881,4.037,4.7438,4.6796,4.6093,4.6194
1032,20171130,2.788,2.898,3.884,4.072,4.7594,4.703,4.62,4.629
1031,20171201,2.642,2.851,3.876,4.1632,4.7639,4.7093,4.623,4.6329
1030,20171204,2.6,2.816,3.86,4.2384,4.7804,4.722,4.6273,4.6383
1029,20171205,2.579,2.799,3.853,4.3039,4.7901,4.7312,4.6378,4.6459
1028,20171206,2.573,2.787,3.849,4.3394,4.783,4.7322,4.6418,4.6486
1027,20171207,2.585,2.791,3.851,4.395,4.7873,4.7343,4.6492,4.6519
1026,20171208,2.608,2.799,3.851,4.4335,4.7918,4.7485,4.652,4.6562
1025,20171211,2.688,2.818,3.851,4.4574,4.7992,4.7629,4.6542,4.6607
1024,20171212,2.726,2.83,3.857,4.4898,4.799,4.7703,4.6565,4.6651
1023,20171213,2.788,2.851,3.863,4.524,4.8039,4.7821,4.6647,4.6716
1022,20171214,2.803,2.868,3.87,4.5534,4.8144,4.7963,4.6765,4.6862
1021,20171215,2.724,2.871,3.871,4.5814,4.8175,4.8067,4.6817,4.6997
1020,20171218,2.723,2.871,3.883,4.6382,4.8348,4.8097,4.6852,4.697
1019,20171219,2.741,2.873,3.891,4.6869,4.8385,4.812,4.6926,4.6987
1018,20171220,2.73,2.874,3.898,4.7377,4.8559,4.8322,4.6943,4.7219
1017,20171221,2.665,2.871,3.904,4.7718,4.8676,4.8473,4.7005,4.7382
1016,20171222,2.612,2.867,3.909,4.8402,4.8908,4.8698,4.7051,4.7489
1015,20171225,2.569,2.881,3.9194,4.9162,4.9092,4.8885,4.7102,4.7605
1014,20171226,2.589,2.892,3.935,4.9277,4.909,4.8839,4.7131,4.7631
1013,20171227,2.666,2.905,3.957,4.93,4.9129,4.8804,4.7154,4.7594
1012,20171228,2.672,2.925,3.972,4.932,4.9123,4.8821,4.7166,4.761
1011,20171229,2.84,2.954,3.989,4.9352,4.9133,4.8823,4.7207,4.7581
1010,20180102,2.657,2.839,3.943,4.743,4.804,4.831,4.715,4.747
1009,20180103,2.5635,2.785,3.87,4.622,4.73,4.783,4.711,4.736
1008,20180104,2.505,2.76,3.802,4.476,4.687,4.738,4.702,4.7286
1007,20180105,2.484,2.745,3.749,4.3756,4.6637,4.7118,4.699,4.7249
1006,20180108,2.461,2.737,3.72,4.2886,4.6594,4.7052,4.6989,4.72
1005,20180109,2.529,2.744,3.698,4.2209,4.657,4.7026,4.697,4.72
1004,20180110,2.643,2.776,3.706,4.1821,4.6607,4.699,4.697,4.72
1003,20180111,2.832,2.832,3.776,4.1632,4.6701,4.7049,4.7017,4.723
1002,20180112,2.83,2.864,3.808,4.1134,4.6791,4.7085,4.7052,4.7233
1001,20180115,2.794,2.86,3.816,4.0904,4.683,4.7139,4.7116,4.7253
1000,20180116,2.785,2.879,3.828,4.0941,4.6843,4.7124,4.7142,4.7296
999,20180117,2.765,2.878,3.837,4.0905,4.6935,4.7133,4.7165,4.732
998,20180118,2.7655,2.878,3.843,4.0921,4.7044,4.7154,4.7237,4.7332
997,20180119,2.836,2.891,3.846,4.1113,4.7115,4.7216,4.7274,4.7384
996,20180122,2.771,2.889,3.854,4.1122,4.7122,4.7272,4.7318,4.7429
995,20180123,2.602,2.863,3.86,4.1123,4.7163,4.7278,4.7322,4.7423
994,20180124,2.574,2.832,3.863,4.1183,4.7267,4.7268,4.7323,4.7423
993,20180125,2.5634,2.8498,3.86,4.1269,4.7317,4.7297,4.7333,4.7423
992,20180126,2.5506,2.842,3.86,4.1257,4.7292,4.727,4.7324,4.7423
991,20180129,2.566,2.842,3.863,4.1276,4.727,4.7287,4.7303,4.7423
990,20180130,2.554,2.838,3.858,4.1288,4.7267,4.7299,4.7311,4.7423
989,20180131,2.594,2.8298,3.8552,4.1289,4.7257,4.73,4.7312,4.7423
988,20180201,2.5154,2.7925,3.8642,4.1329,4.7276,4.732,4.7332,4.7463
987,20180202,2.5173,2.788,3.867,4.1293,4.7278,4.7322,4.7314,4.7457
986,20180205,2.5305,2.7758,3.872,4.107,4.7258,4.7323,4.7302,4.7446
985,20180206,2.539,2.7706,3.875,4.0887,4.7206,4.7313,4.7321,4.7465
984,20180207,2.571,2.771,3.883,4.0809,4.707,4.7302,4.7323,4.745
983,20180208,2.572,2.904,3.885,4.078,4.696,4.7291,4.7313,4.7455
982,20180209,2.589,2.918,3.892,4.074,4.6936,4.729,4.7312,4.7456
981,20180211,2.608,2.917,3.908,4.0694,4.6974,4.7289,4.7312,4.7456
980,20180212,2.585,2.918,3.919,4.075,4.696,4.7269,4.7312,4.7456
979,20180213,2.587,2.928,3.948,4.0705,4.7006,4.7287,4.7312,4.7456
978,20180214,2.723,2.91,3.876,4.0751,4.7031,4.728,4.731,4.744
977,20180222,2.631,2.891,3.855,4.0666,4.7054,4.7268,4.7281,4.7434
976,20180223,2.597,2.881,3.863,4.0557,4.7076,4.7307,4.7299,4.742
975,20180224,2.56,2.876,3.858,4.0526,4.7078,4.7291,4.73,4.742
974,20180226,2.571,2.87,3.8459,4.0443,4.7128,4.729,4.73,4.742
973,20180227,2.561,2.861,3.8329,4.038,4.7103,4.727,4.73,4.7422
972,20180228,2.708,2.906,3.842,4.0428,4.7131,4.7287,4.73,4.742
971,20180301,2.691,2.896,3.839,4.0403,4.7154,4.7289,4.73,4.742
970,20180302,2.773,2.897,3.838,4.0451,4.7191,4.7319,4.73,4.742
969,20180305,2.652,2.894,3.84,4.0726,4.722,4.7332,4.73,4.742
968,20180306,2.617,2.886,3.839,4.1453,4.7332,4.7334,4.73,4.742
967,20180307,2.592,2.873,3.836,4.1936,4.7364,4.7404,4.7305,4.742
966,20180308,2.57,2.862,3.833,4.2544,4.7407,4.7468,4.7313,4.7418
965,20180309,2.573,2.857,3.829,4.3265,4.741,4.7508,4.7313,4.7418
964,20180312,2.586,2.858,3.828,4.3707,4.735,4.7518,4.7313,4.7418
963,20180313,2.637,2.87,3.828,4.4071,4.725,4.7518,4.7313,4.7418
962,20180314,2.633,2.869,3.827,4.4578,4.719,4.7568,4.7313,4.7418
961,20180315,2.632,2.866,3.826,4.4908,4.7139,4.7588,4.7318,4.7418
960,20180316,2.586,2.865,3.827,4.5101,4.712,4.7488,4.7318,4.7418
959,20180319,2.561,2.863,3.825,4.5121,4.704,4.7418,4.7318,4.7418
958,20180320,2.558,2.861,3.827,4.5093,4.685,4.734,4.7318,4.7418
957,20180321,2.559,2.858,3.836,4.5042,4.6751,4.7185,4.7285,4.7418
956,20180322,2.549,2.8538,3.848,4.4662,4.6621,4.7095,4.7178,4.737
955,20180323,2.545,2.8464,3.855,4.4364,4.6489,4.7005,4.7133,4.7248
954,20180326,2.543,2.862,3.855,4.4094,4.6351,4.6925,4.7088,4.7233
953,20180327,2.5935,2.874,3.8645,4.3906,4.6239,4.6606,4.7043,4.7188
952,20180328,2.592,2.889,3.8655,4.3421,4.6174,4.6656,4.6999,4.7148
951,20180329,2.581,2.8958,3.871,4.3133,4.5247,4.6053,4.6405,4.678
950,20180330,2.69,2.9166,3.881,4.2884,4.4615,4.5686,4.6021,4.6508
949,20180402,2.622,2.883,3.8465,4.1879,4.4052,4.5309,4.5623,4.625
948,20180403,2.574,2.87,3.837,4.1268,4.3506,4.4931,4.5313,4.6033
947,20180404,2.469,2.83,3.781,4.0597,4.3101,4.474,4.5112,4.58
946,20180408,2.446,2.812,3.743,4.011,4.2781,4.4424,4.4852,4.559
945,20180409,2.528,2.806,3.717,3.9701,4.2579,4.414,4.4726,4.5489
944,20180410,2.551,2.807,3.693,3.915,4.229,4.394,4.4666,4.542
943,20180411,2.561,2.804,3.684,3.871,4.209,4.38,4.459,4.538
942,20180412,2.557,2.8,3.674,3.842,4.199,4.367,4.453,4.536
941,20180413,2.557,2.798,3.671,3.825,4.179,4.356,4.451,4.535
940,20180416,2.582,2.802,3.676,3.821,4.173,4.351,4.448,4.534
939,20180417,2.665,2.843,3.715,3.834,4.174,4.351,4.444,4.537
938,20180418,2.679,2.858,3.748,3.821,4.103,4.313,4.415,4.5
937,20180419,2.733,2.884,3.782,3.791,4.05,4.275,4.378,4.448
936,20180420,2.747,2.893,3.8,3.761,4.017,4.238,4.353,4.419
935,20180423,2.724,2.9,3.807,3.751,4.004,4.211,4.336,4.409
934,20180424,2.736,2.907,3.819,3.748,3.991,4.193,4.326,4.394
933,20180425,2.728,2.911,3.821,3.78,3.984,4.185,4.317,4.38
932,20180426,2.765,2.925,3.828,3.865,3.992,4.183,4.315,4.383
931,20180427,2.921,2.978,3.86,3.899,4.007,4.184,4.313,4.385
930,20180428,2.824,2.972,3.868,3.9,4.005,4.18,4.309,4.382
929,20180502,2.72,2.892,3.824,3.893,4.003,4.174,4.306,4.376
928,20180503,2.681,2.852,3.783,3.87,3.993,4.162,4.296,4.364
927,20180504,2.594,2.806,3.7353,3.851,3.993,4.154,4.291,4.357
926,20180507,2.582,2.768,3.692,3.84,3.9943,4.15,4.285,4.349
925,20180508,2.575,2.751,3.663,3.829,3.9994,4.151,4.2825,4.348
924,20180509,2.52,2.734,3.639,3.816,4.013,4.152,4.278,4.346
923,20180510,2.509,2.723,3.621,3.806,4.034,4.152,4.282,4.346
922,20180511,2.487,2.713,3.606,3.799,4.05,4.155,4.285,4.348
921,20180514,2.58,2.738,3.594,3.801,4.06,4.162,4.289,4.353
920,20180515,2.641,2.773,3.611,3.813,4.072,4.172,4.297,4.355
919,20180516,2.766,2.835,3.649,3.825,4.082,4.188,4.304,4.363
918,20180517,2.597,2.803,3.649,3.831,4.101,4.194,4.306,4.366
917,20180518,2.563,2.768,3.656,3.833,4.147,4.202,4.309,4.37
916,20180521,2.527,2.756,3.669,3.832,4.151,4.207,4.309,4.371
915,20180522,2.525,2.755,3.673,3.838,4.16,4.207,4.307,4.371
914,20180523,2.53,2.752,3.679,3.841,4.173,4.211,4.309,4.373
913,20180524,2.53,2.751,3.68,3.845,4.193,4.215,4.311,4.371
912,20180525,2.528,2.794,3.687,3.847,4.215,4.229,4.315,4.373
911,20180528,2.533,2.806,3.69,3.84,4.242,4.243,4.318,4.376
910,20180529,2.742,2.848,3.715,3.85,4.282,4.265,4.326,4.381
909,20180530,2.884,2.895,3.729,3.872,4.312,4.289,4.33,4.385
908,20180531,2.831,2.898,3.735,3.905,4.329,4.296,4.333,4.388
907,20180601,2.801,2.897,3.738,3.966,4.339,4.304,4.336,4.391
906,20180604,2.599,2.818,3.727,3.993,4.341,4.307,4.34,4.393
905,20180605,2.584,2.802,3.713,4.025,4.346,4.308,4.343,4.394
904,20180606,2.562,2.792,3.689,4.042,4.354,4.307,4.343,4.394
903,20180607,2.555,2.783,3.675,4.05,4.35,4.307,4.344,4.395
902,20180608,2.563,2.772,3.662,4.054,4.351,4.311,4.345,4.397
901,20180611,2.573,2.776,3.656,4.083,4.353,4.313,4.348,4.398
900,20180612,2.584,2.789,3.659,4.087,4.352,4.317,4.349,4.399
899,20180613,2.589,2.8,3.656,4.101,4.351,4.321,4.35,4.4
898,20180614,2.591,2.809,3.665,4.107,4.351,4.323,4.352,4.4
897,20180615,2.592,2.81,3.663,4.126,4.352,4.332,4.353,4.399
896,20180619,2.59,2.809,3.69,4.144,4.346,4.324,4.352,4.4
895,20180620,2.619,2.822,3.713,4.157,4.334,4.326,4.352,4.4
894,20180621,2.593,2.825,3.735,4.157,4.329,4.322,4.351,4.4
893,20180622,2.586,2.819,3.751,4.151,4.305,4.312,4.35,4.398
892,20180625,2.564,2.826,3.76,4.134,4.272,4.3,4.333,4.385
891,20180626,2.518,2.831,3.78,4.125,4.261,4.296,4.329,4.381
890,20180627,2.445,2.834,3.793,4.097,4.242,4.274,4.31,4.37
889,20180628,2.289,2.841,3.811,4.064,4.192,4.241,4.292,4.352
888,20180629,2.628,2.862,3.825,4.031,4.155,4.223,4.273,4.331
887,20180702,2.519,2.78,3.778,4.004,4.104,4.193,4.243,4.298
886,20180703,2.42,2.719,3.658,3.8824,3.9944,4.1253,4.1703,4.2238
885,20180704,2.199,2.662,3.493,3.732,3.919,4.051,4.097,4.149
884,20180705,2.132,2.605,3.292,3.571,3.818,3.97,4.033,4.082
883,20180706,1.967,2.588,3.176,3.446,3.74,3.904,3.976,4.039
882,20180709,1.991,2.602,3.104,3.34,3.682,3.87,3.946,4.009
881,20180710,2.308,2.657,3.068,3.285,3.649,3.847,3.928,3.994
880,20180711,2.406,2.679,3.045,3.241,3.632,3.82,3.911,3.976
879,20180712,2.487,2.686,3.031,3.222,3.626,3.805,3.908,3.969
878,20180713,2.48,2.686,3.027,3.208,3.613,3.799,3.902,3.961
877,20180716,2.557,2.699,3.018,3.21,3.608,3.8,3.903,3.962
876,20180717,2.591,2.703,3.007,3.2151,3.601,3.8,3.901,3.969
875,20180718,2.525,2.702,2.991,3.214,3.588,3.793,3.895,3.969
874,20180719,2.416,2.683,2.973,3.198,3.561,3.776,3.887,3.962
873,20180720,2.346,2.675,2.961,3.183,3.536,3.748,3.875,3.953
872,20180723,2.362,2.658,2.936,3.162,3.503,3.724,3.85,3.923
871,20180724,2.353,2.655,2.913,3.121,3.475,3.69,3.814,3.897
870,20180725,2.349,2.667,2.897,3.103,3.419,3.634,3.77,3.851
869,20180726,2.321,2.66,2.878,3.071,3.363,3.556,3.727,3.812
868,20180727,2.284,2.654,2.853,3.035,3.303,3.514,3.688,3.781
867,20180730,2.198,2.651,2.831,2.994,3.233,3.433,3.633,3.737
866,20180731,2.066,2.648,2.812,2.965,3.174,3.38,3.589,3.712
865,20180801,2.028,2.622,2.776,2.935,3.119,3.333,3.554,3.682
864,20180802,1.97,2.584,2.72,2.884,3.056,3.269,3.504,3.626
863,20180803,1.849,2.525,2.676,2.837,3.003,3.213,3.432,3.551
862,20180806,1.819,2.469,2.606,2.791,2.954,3.144,3.35,3.475
861,20180807,1.613,2.386,2.519,2.728,2.895,3.068,3.271,3.395
860,20180808,1.422,2.345,2.453,2.678,2.842,2.995,3.195,3.314
859,20180809,1.622,2.45,2.458,2.643,2.816,2.954,3.152,3.256
858,20180810,1.826,2.426,2.466,2.616,2.801,2.925,3.131,3.244
857,20180813,2.113,2.491,2.471,2.603,2.791,2.915,3.119,3.235
856,20180814,2.328,2.589,2.495,2.613,2.799,2.925,3.133,3.265
855,20180815,2.345,2.612,2.515,2.631,2.807,2.93,3.155,3.285
854,20180816,2.511,2.637,2.56,2.639,2.813,2.946,3.184,3.329
853,20180817,2.58,2.65,2.605,2.653,2.817,2.971,3.219,3.364
852,20180820,2.625,2.674,2.69,2.676,2.83,2.997,3.276,3.406
851,20180821,2.636,2.681,2.739,2.694,2.856,3.053,3.325,3.446
850,20180822,2.538,2.662,2.75,2.701,2.878,3.076,3.352,3.491
849,20180823,2.454,2.649,2.755,2.731,2.887,3.128,3.405,3.512
848,20180824,2.392,2.612,2.748,2.738,2.889,3.156,3.408,3.511
847,20180827,2.44,2.642,2.747,2.751,2.895,3.172,3.411,3.512
846,20180828,2.4255,2.647,2.728,2.75,2.899,3.195,3.41,3.514
845,20180829,2.3895,2.646,2.702,2.742,2.897,3.207,3.411,3.509
844,20180830,2.277,2.64,2.686,2.727,2.894,3.209,3.411,3.506
843,20180831,2.309,2.633,2.68,2.72,2.894,3.207,3.415,3.503
842,20180903,2.277,2.621,2.665,2.716,2.887,3.207,3.413,3.502
841,20180904,2.195,2.6,2.646,2.706,2.878,3.205,3.409,3.5
840,20180905,2.164,2.552,2.623,2.696,2.85,3.2,3.403,3.5
839,20180906,2.494,2.633,2.638,2.7,2.845,3.201,3.407,3.5
838,20180907,2.591,2.673,2.705,2.712,2.851,3.202,3.409,3.5
837,20180910,2.573,2.679,2.715,2.723,2.842,3.209,3.414,3.5
836,20180911,2.59,2.686,2.735,2.735,2.848,3.213,3.419,3.501
835,20180912,2.557,2.675,2.734,2.751,2.846,3.216,3.437,3.513
834,20180913,2.53,2.663,2.732,2.76,2.843,3.222,3.447,3.521
833,20180914,2.489,2.645,2.714,2.756,2.83,3.224,3.452,3.5225
832,20180917,2.466,2.639,2.706,2.749,2.822,3.227,3.448,3.516
831,20180918,2.654,2.685,2.719,2.753,2.82,3.233,3.449,3.514
830,20180919,2.562,2.668,2.719,2.751,2.818,3.235,3.453,3.513
829,20180920,2.519,2.659,2.733,2.753,2.812,3.241,3.448,3.512
828,20180921,2.514,2.654,2.746,2.754,2.815,3.248,3.453,3.516
827,20180925,2.543,2.692,2.791,2.771,2.827,3.257,3.461,3.52
826,20180926,2.553,2.711,2.879,2.785,2.83,3.267,3.475,3.523
825,20180927,2.46,2.722,2.986,2.799,2.838,3.275,3.484,3.526
824,20180928,2.445,2.73,3.127,2.8,2.843,3.282,3.486,3.527
823,20180929,2.073,2.783,3.31,2.802,2.846,3.285,3.489,3.521
822,20180930,2.653,2.766,3.473,2.802,2.847,3.287,3.489,3.521
821,20181008,2.536,2.657,2.766,2.781,2.836,3.269,3.476,3.512
820,20181009,2.502,2.633,2.703,2.734,2.816,3.258,3.464,3.504
819,20181010,2.398,2.618,2.673,2.705,2.81,3.253,3.459,3.502
818,20181011,2.36,2.611,2.65,2.692,2.801,3.251,3.455,3.506
817,20181012,2.439,2.615,2.644,2.682,2.8,3.25,3.453,3.505
816,20181015,2.377,2.612,2.637,2.668,2.801,3.253,3.451,3.505
815,20181016,2.373,2.603,2.633,2.658,2.8,3.253,3.45,3.505
814,20181017,2.353,2.604,2.632,2.651,2.818,3.254,3.45,3.505
813,20181018,2.427,2.611,2.637,2.651,2.832,3.26,3.453,3.504
812,20181019,2.445,2.622,2.648,2.655,2.842,3.267,3.456,3.507
811,20181022,2.475,2.632,2.65,2.663,2.871,3.277,3.471,3.516
810,20181023,2.451,2.635,2.653,2.672,2.903,3.289,3.488,3.532
809,20181024,2.393,2.631,2.653,2.675,2.924,3.296,3.498,3.544
808,20181025,2.215,2.63,2.651,2.675,2.948,3.297,3.505,3.552
807,20181026,2.067,2.618,2.65,2.673,2.952,3.297,3.502,3.55
806,20181029,1.852,2.609,2.651,2.672,2.958,3.297,3.502,3.55
805,20181030,1.566,2.598,2.64,2.663,2.957,3.295,3.501,3.55
804,20181031,2.37,2.715,2.73,2.689,2.963,3.298,3.504,3.55
803,20181101,2.547,2.673,2.691,2.696,2.976,3.297,3.504,3.55
802,20181102,2.477,2.649,2.662,2.694,2.981,3.296,3.505,3.55
801,20181105,2.4345,2.638,2.652,2.691,2.986,3.294,3.505,3.55
800,20181106,2.27,2.613,2.646,2.684,2.991,3.294,3.504,3.55
799,20181107,2.0906,2.595,2.626,2.68,2.997,3.297,3.505,3.551
798,20181108,1.978,2.6,2.619,2.678,3.0,3.299,3.506,3.55
797,20181109,2.038,2.599,2.617,2.671,3.001,3.3,3.509,3.552
796,20181112,2.309,2.624,2.627,2.675,3.001,3.3,3.51,3.553
795,20181113,2.468,2.633,2.636,2.685,3.004,3.3,3.516,3.558
794,20181114,2.325,2.632,2.638,2.685,3.008,3.298,3.512,3.554
793,20181115,2.339,2.629,2.638,2.685,3.01,3.296,3.512,3.55
792,20181116,2.345,2.629,2.641,2.684,3.023,3.297,3.513,3.553
791,20181119,2.551,2.643,2.65,2.686,3.035,3.293,3.51,3.551
790,20181120,2.609,2.665,2.677,2.696,3.053,3.294,3.505,3.543
789,20181121,2.579,2.656,2.678,2.697,3.06,3.287,3.504,3.544
788,20181122,2.456,2.642,2.668,2.697,3.064,3.281,3.495,3.535
787,20181123,2.356,2.628,2.655,2.691,3.073,3.275,3.491,3.529
786,20181126,2.498,2.644,2.661,2.693,3.085,3.277,3.488,3.525
785,20181127,2.556,2.643,2.664,2.697,3.096,3.278,3.487,3.527
784,20181128,2.539,2.65,2.663,2.699,3.104,3.277,3.486,3.528
783,20181129,2.262,2.65,2.663,2.6969,3.1094,3.2767,3.4836,3.5278
782,20181130,2.642,2.669,2.673,2.701,3.113,3.279,3.483,3.527
781,20181203,2.515,2.618,2.648,2.714,3.117,3.275,3.478,3.527
780,20181204,2.445,2.621,2.641,2.745,3.126,3.275,3.478,3.527
779,20181205,2.267,2.581,2.613,2.782,3.133,3.276,3.478,3.526
778,20181206,2.418,2.6,2.612,2.81,3.133,3.275,3.478,3.525
777,20181207,2.416,2.611,2.618,2.828,3.136,3.277,3.478,3.525
776,20181210,2.453,2.615,2.622,2.838,3.142,3.277,3.478,3.526
775,20181211,2.463,2.624,2.625,2.848,3.145,3.274,3.475,3.521
774,20181212,2.424,2.626,2.631,2.874,3.147,3.274,3.477,3.522
773,20181213,2.519,2.636,2.638,2.9,3.149,3.273,3.477,3.52
772,20181214,2.655,2.683,2.676,2.966,3.156,3.274,3.479,3.52
771,20181217,2.625,2.697,2.727,3.002,3.164,3.275,3.48,3.52
770,20181218,2.669,2.694,2.767,3.034,3.174,3.278,3.482,3.522
769,20181219,2.654,2.69,2.788,3.047,3.181,3.278,3.482,3.524
768,20181220,2.567,2.676,2.819,3.112,3.199,3.282,3.481,3.524
767,20181221,2.486,2.649,2.866,3.154,3.209,3.284,3.48,3.517
766,20181224,2.316,2.659,3.03,3.232,3.23,3.286,3.48,3.517
765,20181225,2.028,2.653,3.13,3.302,3.273,3.289,3.48,3.518
764,20181226,2.029,2.672,3.233,3.397,3.309,3.291,3.48,3.52
763,20181227,1.793,2.695,3.322,3.47,3.339,3.294,3.48,3.52
762,20181228,1.47,2.721,3.368,3.492,3.357,3.297,3.48,3.521
761,20190102,2.3,2.634,2.802,3.2,3.285,3.292,3.472,3.511
760,20190103,1.968,2.547,2.673,3.084,3.246,3.286,3.466,3.507
759,20190104,1.649,2.563,2.615,3.01,3.215,3.27,3.453,3.497
758,20190107,1.447,2.475,2.541,2.909,3.141,3.233,3.415,3.466
757,20190108,1.414,2.372,2.487,2.825,3.093,3.206,3.384,3.431
756,20190109,1.567,2.475,2.477,2.79,3.065,3.184,3.354,3.401
755,20190110,1.743,2.587,2.502,2.781,3.031,3.149,3.321,3.377
754,20190111,1.708,2.555,2.515,2.772,3.007,3.12,3.296,3.35
753,20190114,1.878,2.629,2.541,2.775,2.984,3.106,3.284,3.337
752,20190115,2.245,2.652,2.57,2.777,2.962,3.094,3.271,3.324
751,20190116,2.306,2.64,2.576,2.777,2.942,3.079,3.262,3.314
750,20190117,2.259,2.611,2.569,2.777,2.93,3.066,3.257,3.304
749,20190118,2.1785,2.618,2.558,2.777,2.918,3.061,3.248,3.302
748,20190121,2.24,2.594,2.637,2.786,2.915,3.055,3.241,3.3
747,20190122,2.243,2.578,2.695,2.797,2.914,3.054,3.245,3.3
746,20190123,2.244,2.584,2.709,2.806,2.909,3.052,3.246,3.3
745,20190124,2.263,2.616,2.716,2.811,2.904,3.044,3.245,3.3
744,20190125,2.362,2.626,2.748,2.819,2.902,3.037,3.239,3.294
743,20190128,2.194,2.66,2.882,2.828,2.901,3.031,3.228,3.291
742,20190129,2.078,2.766,2.982,2.835,2.9,3.027,3.211,3.282
741,20190130,2.0021,2.765,2.997,2.84,2.901,3.026,3.199,3.271
740,20190131,2.238,2.756,2.979,2.839,2.9,3.021,3.182,3.252
739,20190201,2.1,2.722,2.843,2.835,2.9,3.017,3.168,3.241
738,20190211,2.265,2.596,2.522,2.785,2.898,2.995,3.118,3.198
737,20190212,2.017,2.513,2.497,2.76,2.872,2.961,3.079,3.172
736,20190213,1.722,2.362,2.442,2.732,2.852,2.938,3.044,3.146
735,20190214,1.721,2.33,2.397,2.714,2.83,2.908,3.015,3.119
734,20190215,1.713,2.351,2.393,2.698,2.802,2.898,2.996,3.095
733,20190218,1.8224,2.395,2.398,2.687,2.797,2.885,2.989,3.081
732,20190219,1.967,2.398,2.404,2.676,2.778,2.876,2.979,3.073
731,20190220,1.854,2.377,2.398,2.655,2.759,2.864,2.966,3.069
730,20190221,2.03,2.399,2.409,2.651,2.749,2.858,2.958,3.063
729,20190222,2.431,2.6,2.518,2.656,2.749,2.854,2.955,3.063
728,20190225,2.605,2.658,2.628,2.659,2.752,2.85,2.953,3.059
727,20190226,2.705,2.745,2.862,2.681,2.756,2.851,2.953,3.059
726,20190227,2.654,2.75,2.887,2.686,2.756,2.852,2.954,3.061
725,20190228,2.584,2.658,2.73,2.694,2.751,2.85,2.951,3.06
724,20190301,2.155,2.511,2.565,2.7,2.75,2.85,2.95,3.059
723,20190304,1.933,2.38,2.424,2.696,2.75,2.85,2.95,3.058
722,20190305,2.266,2.574,2.49,2.699,2.75,2.85,2.95,3.055
721,20190306,2.074,2.488,2.488,2.703,2.75,2.85,2.95,3.053
720,20190307,2.06,2.517,2.487,2.705,2.751,2.85,2.95,3.054
719,20190308,2.047,2.388,2.448,2.712,2.755,2.85,2.95,3.057
718,20190311,2.092,2.395,2.4328,2.7172,2.7565,2.85,2.95,3.06
717,20190312,2.365,2.601,2.458,2.732,2.761,2.851,2.95,3.066
716,20190313,2.079,2.493,2.461,2.754,2.768,2.851,2.95,3.066
715,20190314,2.31,2.598,2.48,2.774,2.777,2.854,2.953,3.072
714,20190315,2.655,2.728,2.617,2.81,2.799,2.858,2.956,3.077
713,20190318,2.756,2.709,2.861,2.832,2.814,2.86,2.958,3.082
712,20190319,2.666,2.729,2.991,2.852,2.823,2.865,2.96,3.086
711,20190320,2.714,2.711,2.946,2.875,2.833,2.865,2.962,3.088
710,20190321,2.661,2.684,2.936,2.884,2.838,2.864,2.963,3.091
709,20190322,2.62,2.664,2.97,2.884,2.837,2.862,2.962,3.092
708,20190325,2.535,2.668,2.896,2.879,2.836,2.861,2.957,3.086
707,20190326,2.495,2.704,2.901,2.862,2.828,2.859,2.95,3.08
706,20190327,2.286,2.797,2.932,2.843,2.819,2.857,2.94,3.074
705,20190328,2.041,2.705,2.923,2.825,2.807,2.848,2.931,3.062
704,20190329,2.486,2.698,2.911,2.819,2.801,2.841,2.924,3.051
703,20190401,2.315,2.579,2.713,2.782,2.795,2.835,2.917,3.047
702,20190402,1.956,2.453,2.527,2.745,2.786,2.825,2.913,3.042
701,20190403,1.663,2.357,2.403,2.697,2.767,2.818,2.909,3.044
700,20190404,1.417,2.418,2.376,2.664,2.758,2.815,2.906,3.047
699,20190408,1.428,2.483,2.378,2.65,2.754,2.816,2.906,3.047
698,20190409,1.797,2.469,2.45,2.646,2.751,2.824,2.908,3.047
697,20190410,2.278,2.654,2.566,2.655,2.755,2.833,2.914,3.053
696,20190411,2.735,2.657,2.779,2.669,2.76,2.838,2.923,3.06
695,20190412,2.652,2.669,2.805,2.686,2.761,2.842,2.924,3.067
694,20190415,2.797,2.772,2.902,2.717,2.768,2.85,2.939,3.072
693,20190416,2.883,2.787,2.982,2.759,2.774,2.853,2.947,3.077
692,20190417,2.998,2.788,2.992,2.779,2.787,2.861,2.96,3.091
691,20190418,2.812,2.75,3.008,2.795,2.806,2.864,2.964,3.096
690,20190419,2.661,2.692,2.882,2.79,2.817,2.869,2.969,3.095
689,20190422,2.557,2.654,2.896,2.791,2.822,2.872,2.974,3.101
688,20190423,2.828,2.7,2.915,2.824,2.833,2.885,2.982,3.106
687,20190424,2.752,2.764,2.967,2.838,2.855,2.903,2.991,3.108
686,20190425,2.785,2.785,3.027,2.851,2.88,2.917,3.005,3.119
685,20190426,2.496,2.735,3.012,2.859,2.896,2.932,3.016,3.129
684,20190429,1.7,2.691,2.895,2.857,2.923,2.955,3.04,3.147
683,20190430,2.086,2.683,2.86,2.856,2.93,2.963,3.044,3.159
682,20190506,1.642,2.5285,2.537,2.811,2.934,2.956,3.051,3.156
681,20190507,1.391,2.349,2.402,2.773,2.922,2.951,3.05,3.154
680,20190508,1.141,2.286,2.372,2.741,2.91,2.947,3.05,3.151
679,20190509,1.513,2.573,2.387,2.728,2.903,2.946,3.05,3.151
678,20190510,1.826,2.568,2.408,2.72,2.895,2.948,3.05,3.151
677,20190513,2.156,2.579,2.405,2.715,2.889,2.948,3.05,3.152
676,20190514,2.4123,2.65,2.449,2.717,2.891,2.948,3.05,3.153
675,20190515,2.5334,2.641,2.462,2.713,2.893,2.948,3.052,3.153
674,20190516,2.281,2.607,2.44,2.708,2.896,2.947,3.051,3.157
673,20190517,2.134,2.589,2.494,2.705,2.9,2.95,3.05,3.162
672,20190520,2.5845,2.678,2.689,2.717,2.9,2.95,3.051,3.167
671,20190521,2.75,2.699,2.784,2.756,2.9,2.95,3.056,3.177
670,20190522,2.623,2.69,2.809,2.77,2.903,2.95,3.06,3.185
669,20190523,2.584,2.648,2.757,2.784,2.901,2.951,3.063,3.19
668,20190524,2.342,2.592,2.757,2.779,2.902,2.953,3.076,3.198
667,20190527,2.666,2.711,2.803,2.792,2.904,2.956,3.093,3.202
666,20190528,2.76,2.823,2.955,2.816,2.915,2.965,3.105,3.205
665,20190529,2.491,2.785,2.981,2.818,2.917,2.966,3.108,3.206
664,20190530,2.067,2.665,2.9,2.813,2.916,2.964,3.11,3.205
663,20190531,2.194,2.65,2.801,2.816,2.912,2.963,3.11,3.206
662,20190603,2.003,2.553,2.571,2.809,2.904,2.957,3.107,3.208
661,20190604,1.738,2.399,2.414,2.821,2.902,2.953,3.108,3.208
660,20190605,1.593,2.472,2.383,2.832,2.916,2.952,3.11,3.209
659,20190606,1.521,2.572,2.378,2.841,2.924,2.953,3.111,3.212
658,20190610,1.848,2.604,2.404,2.853,2.932,2.958,3.116,3.215
657,20190611,2.053,2.589,2.428,2.859,2.94,2.973,3.115,3.213
656,20190612,1.939,2.564,2.439,2.865,2.943,2.976,3.116,3.217
655,20190613,1.924,2.583,2.44,2.878,2.944,2.982,3.119,3.22
654,20190614,1.723,2.565,2.454,2.898,2.947,2.986,3.12,3.225
653,20190617,1.801,2.491,2.669,2.898,2.947,2.991,3.121,3.228
652,20190618,1.601,2.399,2.722,2.897,2.943,2.98,3.122,3.231
651,20190619,1.447,2.386,2.787,2.891,2.929,2.967,3.122,3.218
650,20190620,1.253,2.448,2.859,2.876,2.911,2.958,3.115,3.207
649,20190621,1.112,2.416,2.807,2.852,2.895,2.938,3.112,3.19
648,20190624,1.0,2.326,2.762,2.805,2.859,2.906,3.093,3.17
647,20190625,1.023,2.466,2.711,2.76,2.809,2.878,3.075,3.138
646,20190626,0.991,2.417,2.626,2.731,2.758,2.847,3.059,3.112
645,20190627,0.9615,2.61,2.571,2.703,2.722,2.824,3.05,3.105
644,20190628,1.3705,2.604,2.591,2.684,2.708,2.803,3.047,3.103
643,20190701,1.065,2.319,2.364,2.603,2.681,2.779,3.042,3.099
642,20190702,0.914,2.032,2.198,2.534,2.657,2.76,3.039,3.096
641,20190703,0.877,2.145,2.095,2.492,2.641,2.751,3.036,3.096
640,20190704,0.844,2.139,2.059,2.465,2.627,2.733,3.032,3.094
639,20190705,1.055,2.271,2.066,2.463,2.606,2.712,3.024,3.084
638,20190708,1.445,2.449,2.108,2.467,2.603,2.707,3.022,3.086
637,20190709,1.773,2.54,2.374,2.484,2.601,2.702,3.019,3.087
636,20190710,1.814,2.543,2.348,2.486,2.6,2.7,3.017,3.089
635,20190711,1.998,2.497,2.32,2.483,2.6,2.7,3.015,3.088
634,20190712,2.235,2.559,2.378,2.487,2.6,2.7,3.015,3.091
633,20190715,2.6175,2.669,2.638,2.498,2.6,2.7,3.018,3.093
632,20190716,2.725,2.724,2.88,2.532,2.609,2.702,3.018,3.096
631,20190717,2.711,2.734,2.894,2.557,2.613,2.704,3.018,3.099
630,20190718,2.772,2.748,2.951,2.577,2.623,2.704,3.018,3.101
629,20190719,2.827,2.753,2.989,2.591,2.631,2.705,3.018,3.101
628,20190722,2.6698,2.692,2.885,2.592,2.628,2.704,3.018,3.1
627,20190723,2.562,2.634,2.765,2.591,2.628,2.703,3.017,3.097
626,20190724,2.481,2.561,2.631,2.59,2.625,2.703,3.016,3.096
625,20190725,2.628,2.642,2.663,2.594,2.625,2.704,3.015,3.096
624,20190726,2.636,2.647,2.688,2.597,2.629,2.704,3.016,3.096
623,20190729,2.629,2.657,2.69,2.6,2.631,2.706,3.016,3.098
622,20190730,2.621,2.663,2.71,2.602,2.636,2.708,3.017,3.098
621,20190731,2.642,2.673,2.704,2.606,2.644,2.708,3.017,3.098
620,20190801,2.634,2.638,2.59,2.6,2.646,2.708,3.016,3.096
619,20190802,2.634,2.647,2.599,2.6,2.649,2.707,3.018,3.096
618,20190805,2.544,2.619,2.517,2.594,2.646,2.706,3.015,3.094
617,20190806,2.261,2.494,2.486,2.584,2.635,2.703,3.01,3.087
616,20190807,2.22,2.52,2.433,2.564,2.623,2.701,3.005,3.083
615,20190808,2.5,2.578,2.438,2.562,2.618,2.701,3.004,3.0805
614,20190809,2.596,2.644,2.512,2.571,2.618,2.706,3.002,3.0785
613,20190812,2.629,2.656,2.637,2.588,2.625,2.71,3.001,3.0755
612,20190813,2.667,2.703,2.772,2.613,2.644,2.713,3.001,3.0785
611,20190814,2.689,2.695,2.803,2.636,2.656,2.72,3.001,3.083
610,20190815,2.659,2.678,2.772,2.649,2.661,2.726,2.997,3.0825
609,20190816,2.665,2.673,2.776,2.653,2.666,2.728,2.996,3.0775
608,20190819,2.666,2.672,2.773,2.656,2.669,2.729,2.998,3.074
607,20190820,2.642,2.664,2.791,2.656,2.671,2.73,2.999,3.068
606,20190821,2.5832,2.653,2.754,2.655,2.674,2.734,2.996,3.064
605,20190822,2.544,2.642,2.754,2.656,2.682,2.741,2.996,3.059
604,20190823,2.586,2.651,2.745,2.663,2.69,2.748,2.996,3.056
603,20190826,2.639,2.669,2.739,2.66,2.694,2.751,2.995,3.055
602,20190827,2.677,2.687,2.741,2.662,2.7,2.753,2.993,3.055
601,20190828,2.609,2.682,2.754,2.661,2.702,2.753,2.991,3.055
600,20190829,2.478,2.6702,2.735,2.6611,2.7002,2.7513,2.9921,3.0545
599,20190830,2.572,2.665,2.701,2.661,2.701,2.7525,2.99,3.051
598,20190902,2.55,2.653,2.662,2.661,2.7,2.754,2.991,3.05
597,20190903,2.513,2.61,2.621,2.664,2.701,2.757,2.991,3.052
596,20190904,2.445,2.604,2.595,2.662,2.702,2.758,2.991,3.051
595,20190905,2.536,2.636,2.603,2.665,2.704,2.761,2.991,3.052
594,20190906,2.597,2.652,2.652,2.681,2.708,2.768,2.991,3.052
593,20190909,2.607,2.652,2.661,2.688,2.707,2.768,2.989,3.051
592,20190910,2.553,2.628,2.64,2.677,2.707,2.772,2.98,3.046
591,20190911,2.451,2.645,2.683,2.679,2.707,2.778,2.979,3.043
590,20190912,2.369,2.65,2.663,2.682,2.709,2.787,2.976,3.042
589,20190916,2.336,2.642,2.663,2.682,2.71,2.792,2.972,3.043
588,20190917,2.565,2.638,2.659,2.685,2.708,2.795,2.97,3.043
587,20190918,2.633,2.654,2.668,2.692,2.706,2.798,2.97,3.044
586,20190919,2.737,2.709,2.738,2.704,2.709,2.8,2.97,3.045
585,20190920,2.746,2.731,2.808,2.719,2.717,2.808,2.971,3.046
584,20190923,2.759,2.732,2.884,2.737,2.725,2.813,2.97,3.048
583,20190924,2.369,2.676,2.952,2.751,2.729,2.813,2.969,3.048
582,20190925,2.046,2.572,2.953,2.75,2.729,2.815,2.966,3.047
581,20190926,1.637,2.577,2.967,2.749,2.732,2.815,2.965,3.048
580,20190927,1.313,2.59,2.95,2.75,2.726,2.816,2.964,3.048
579,20190930,2.635,2.843,3.018,2.762,2.728,2.819,2.964,3.048
578,20191008,2.627,2.688,2.724,2.754,2.724,2.817,2.96,3.048
577,20191009,2.202,2.627,2.601,2.728,2.72,2.813,2.957,3.047
576,20191010,2.016,2.595,2.512,2.7085,2.718,2.814,2.955,3.049
575,20191011,1.911,2.556,2.502,2.703,2.718,2.813,2.953,3.05
574,20191014,2.555,2.651,2.495,2.699,2.722,2.816,2.951,3.049
573,20191015,2.703,2.684,2.735,2.703,2.731,2.821,2.951,3.049
572,20191016,2.694,2.686,2.714,2.704,2.732,2.822,2.95,3.048
571,20191017,2.585,2.663,2.697,2.709,2.736,2.825,2.95,3.05
570,20191018,2.618,2.691,2.709,2.713,2.746,2.834,2.95,3.051
569,20191021,2.682,2.691,2.797,2.723,2.763,2.841,2.951,3.054
568,20191022,2.799,2.789,2.84,2.75,2.793,2.851,2.955,3.057
567,20191023,2.654,2.693,2.892,2.761,2.808,2.86,2.962,3.061
566,20191024,2.446,2.661,2.895,2.769,2.824,2.865,2.965,3.061
565,20191025,2.506,2.669,2.851,2.774,2.831,2.873,2.972,3.063
564,20191028,2.478,2.671,2.838,2.773,2.84,2.875,2.971,3.063
563,20191029,2.368,2.67,2.811,2.773,2.847,2.881,2.974,3.067
562,20191030,2.303,2.683,2.778,2.771,2.864,2.893,2.979,3.074
561,20191031,2.59,2.685,2.763,2.775,2.887,2.903,2.983,3.076
560,20191101,2.301,2.616,2.628,2.775,2.897,2.91,2.987,3.079
559,20191104,2.075,2.529,2.532,2.77,2.919,2.929,2.995,3.084
558,20191105,1.88,2.498,2.456,2.759,2.933,2.938,3.0,3.086
557,20191106,1.788,2.546,2.419,2.756,2.948,2.955,3.005,3.088
556,20191107,1.915,2.595,2.418,2.758,2.953,2.97,3.008,3.09
555,20191108,1.902,2.57,2.433,2.759,2.953,2.984,3.012,3.093
554,20191111,2.033,2.555,2.449,2.759,2.955,2.989,3.016,3.094
553,20191112,2.376,2.649,2.562,2.762,2.965,2.996,3.024,3.099
552,20191113,2.598,2.675,2.673,2.766,2.981,3.012,3.035,3.101
551,20191114,2.666,2.682,2.696,2.776,3.0,3.032,3.051,3.108
550,20191115,2.693,2.737,2.742,2.788,3.02,3.051,3.068,3.116
549,20191118,2.707,2.728,2.826,2.794,3.032,3.055,3.073,3.119
548,20191119,2.343,2.611,2.75,2.791,3.033,3.053,3.071,3.119
547,20191120,1.899,2.497,2.57,2.795,3.032,3.051,3.071,3.125
546,20191121,1.849,2.426,2.489,2.7945,3.034,3.05,3.07,3.127
545,20191122,1.948,2.536,2.5,2.7925,3.037,3.05,3.067,3.121
544,20191125,2.234,2.596,2.639,2.7875,3.029,3.05,3.066,3.119
543,20191126,2.323,2.598,2.6,2.7835,3.02,3.047,3.067,3.118
542,20191127,2.233,2.589,2.599,2.7815,3.019,3.05,3.067,3.119
541,20191128,2.078,2.597,2.594,2.7795,3.016,3.05,3.069,3.119
540,20191129,2.356,2.607,2.54,2.783,3.017,3.05,3.07,3.122
539,20191202,2.233,2.478,2.451,2.779,3.017,3.05,3.071,3.122
538,20191203,2.132,2.343,2.361,2.785,3.015,3.05,3.071,3.122
537,20191204,1.971,2.426,2.35,2.799,3.019,3.05,3.072,3.121
536,20191205,1.906,2.433,2.317,2.811,3.022,3.05,3.073,3.121
535,20191206,2.073,2.482,2.476,2.83,3.0245,3.05,3.072,3.121
534,20191209,2.345,2.506,2.429,2.841,3.025,3.05,3.074,3.123
533,20191210,2.198,2.45,2.435,2.858,3.028,3.05,3.075,3.122
532,20191211,2.081,2.493,2.408,2.871,3.03,3.05,3.076,3.123
531,20191212,2.053,2.431,2.369,2.891,3.0305,3.05,3.079,3.122
530,20191213,2.133,2.474,2.443,2.913,3.0325,3.051,3.081,3.122
529,20191216,2.437,2.5315,2.439,2.9304,3.0324,3.0534,3.0824,3.122
528,20191217,2.506,2.588,2.43,2.942,3.036,3.056,3.084,3.123
527,20191218,2.485,2.585,2.537,2.959,3.04,3.059,3.087,3.124
526,20191219,2.0575,2.559,2.911,2.976,3.043,3.06,3.091,3.124
525,20191220,1.814,2.529,2.952,2.997,3.041,3.059,3.088,3.122
524,20191223,1.557,2.453,2.908,2.998,3.04,3.057,3.085,3.12
523,20191224,1.114,2.45,2.976,2.996,3.0335,3.0555,3.0845,3.1145
522,20191225,0.943,2.549,2.975,2.9985,3.0325,3.054,3.0815,3.114
521,20191226,0.848,2.607,2.9,2.9955,3.0295,3.049,3.0785,3.111
520,20191227,1.075,2.579,2.897,2.991,3.0255,3.048,3.077,3.105
519,20191230,1.2,2.618,2.825,2.9755,3.021,3.046,3.073,3.1015
518,20191231,1.694,2.737,2.905,2.9785,3.02,3.046,3.073,3.1005
517,20200102,1.4436,2.433,2.334,2.8975,2.994,3.019,3.052,3.086
516,20200103,1.162,2.349,2.19,2.842,2.96,2.995,3.028,3.071
515,20200106,1.003,2.219,2.091,2.747,2.92,2.96,3.005,3.05
514,20200107,1.215,2.259,2.176,2.7,2.899,2.943,2.992,3.04
513,20200108,1.553,2.32,2.16,2.638,2.881,2.93,2.983,3.032
512,20200109,1.69,2.47,2.147,2.609,2.867,2.921,2.974,3.021
511,20200110,1.7722,2.487,2.29,2.619,2.864,2.92,2.972,3.015
510,20200113,2.059,2.522,2.51,2.619,2.858,2.915,2.966,3.014
509,20200114,2.518,2.654,2.735,2.706,2.862,2.915,2.969,3.013
508,20200115,2.654,2.717,3.013,2.799,2.865,2.918,2.97,3.012
507,20200116,2.609,2.663,2.969,2.8,2.868,2.918,2.965,3.007
506,20200117,2.522,2.64,2.943,2.808,2.868,2.918,2.965,3.005
505,20200119,2.413,2.608,2.856,2.804,2.863,2.917,2.957,2.997
504,20200120,2.248,2.607,2.877,2.813,2.86,2.914,2.954,2.997
503,20200121,1.885,2.601,2.837,2.816,2.859,2.91,2.953,2.995
502,20200122,1.534,2.607,2.814,2.82,2.858,2.912,2.95,2.995
501,20200123,2.444,2.549,2.797,2.822,2.858,2.914,2.951,2.995
500,20200203,2.504,2.607,2.62,2.806,2.852,2.903,2.94,2.98
499,20200204,2.273,2.416,2.585,2.76,2.824,2.877,2.91,2.959
498,20200205,2.051,2.343,2.435,2.696,2.799,2.853,2.894,2.936
497,20200206,1.819,2.366,2.345,2.651,2.776,2.833,2.875,2.913
496,20200207,1.793,2.306,2.292,2.628,2.753,2.81,2.843,2.897
495,20200210,1.652,2.289,2.23,2.577,2.723,2.787,2.823,2.877
494,20200211,1.56,2.225,2.141,2.527,2.679,2.758,2.801,2.856
493,20200212,1.521,2.286,2.11,2.495,2.639,2.723,2.783,2.845
492,20200213,1.443,2.324,2.126,2.454,2.605,2.691,2.763,2.834
491,20200214,1.256,2.233,2.103,2.416,2.565,2.664,2.744,2.817
490,20200217,1.425,2.261,2.129,2.4,2.545,2.651,2.727,2.807
489,20200218,1.503,2.293,2.117,2.387,2.525,2.633,2.71,2.786
488,20200219,1.626,2.268,2.134,2.371,2.51,2.618,2.704,2.773
487,20200220,1.403,2.308,2.115,2.359,2.5,2.61,2.697,2.767
486,20200221,1.355,2.245,2.111,2.343,2.489,2.605,2.692,2.76
485,20200224,1.533,2.176,2.103,2.33,2.476,2.601,2.688,2.755
484,20200225,1.602,2.203,2.084,2.318,2.459,2.59,2.673,2.752
483,20200226,1.499,2.183,2.073,2.306,2.442,2.577,2.66,2.744
482,20200227,1.347,2.192,2.086,2.301,2.433,2.564,2.648,2.74
481,20200228,1.628,2.374,2.092,2.301,2.429,2.56,2.642,2.735
480,20200302,1.714,2.129,2.051,2.27,2.408,2.548,2.635,2.722
479,20200303,1.622,2.094,1.99,2.229,2.375,2.528,2.614,2.706
478,20200304,1.462,2.052,1.964,2.174,2.332,2.499,2.581,2.679
477,20200305,1.45,2.089,1.949,2.15,2.29,2.467,2.553,2.651
476,20200306,1.362,2.035,1.912,2.126,2.258,2.427,2.516,2.616
475,20200309,1.588,2.074,1.905,2.115,2.238,2.407,2.494,2.591
474,20200310,2.014,2.241,1.979,2.132,2.225,2.391,2.481,2.586
473,20200311,2.118,2.3,2.039,2.145,2.224,2.379,2.47,2.557
472,20200312,1.664,2.309,2.035,2.13,2.223,2.365,2.45,2.534
471,20200313,1.414,2.252,1.993,2.119,2.202,2.359,2.438,2.513
470,20200316,1.231,2.199,1.969,2.093,2.175,2.33,2.418,2.491
469,20200317,1.083,1.896,1.85,2.063,2.145,2.295,2.4,2.482
468,20200318,0.963,1.751,1.774,2.032,2.12,2.263,2.387,2.464
467,20200319,0.846,1.893,1.732,2.008,2.104,2.242,2.362,2.451
466,20200320,0.795,1.945,1.774,1.993,2.087,2.218,2.342,2.438
465,20200323,0.845,1.805,1.732,1.962,2.072,2.191,2.312,2.41
464,20200324,0.814,1.693,1.668,1.938,2.056,2.17,2.293,2.392
463,20200325,0.847,1.745,1.66,1.897,2.01,2.131,2.245,2.355
462,20200326,0.845,1.72,1.666,1.869,1.977,2.091,2.216,2.324
461,20200327,1.104,1.769,1.69,1.857,1.966,2.072,2.198,2.305
460,20200330,1.374,2.163,1.786,1.835,1.948,2.051,2.159,2.274
459,20200331,1.614,2.147,1.854,1.827,1.933,2.033,2.14,2.25
458,20200401,1.403,2.004,1.736,1.809,1.918,2.015,2.123,2.226
457,20200402,1.278,1.857,1.621,1.772,1.889,1.982,2.098,2.202
456,20200403,1.001,1.831,1.537,1.741,1.844,1.956,2.075,2.165
455,20200407,0.806,1.773,1.382,1.659,1.73,1.859,1.993,2.07
454,20200408,0.893,1.739,1.333,1.553,1.647,1.759,1.87,1.951
453,20200409,1.182,1.68,1.283,1.473,1.558,1.665,1.769,1.855
452,20200410,1.349,1.813,1.325,1.4,1.507,1.606,1.702,1.794
451,20200413,1.378,1.851,1.361,1.365,1.485,1.579,1.668,1.758
450,20200414,0.994,1.707,1.387,1.353,1.46,1.556,1.644,1.733
449,20200415,0.801,1.632,1.35,1.341,1.447,1.539,1.631,1.712
448,20200416,0.702,1.657,1.318,1.324,1.428,1.516,1.603,1.694
447,20200417,0.716,1.737,1.307,1.308,1.403,1.499,1.594,1.683
446,20200420,0.896,1.734,1.313,1.301,1.394,1.482,1.578,1.674
445,20200421,0.901,1.606,1.307,1.302,1.396,1.48,1.572,1.674
444,20200422,0.901,1.576,1.296,1.3,1.391,1.484,1.578,1.676
443,20200423,0.893,1.663,1.319,1.301,1.396,1.486,1.58,1.683
442,20200424,0.912,1.718,1.317,1.302,1.396,1.486,1.582,1.683
441,20200427,0.874,1.774,1.31,1.307,1.397,1.487,1.58,1.682
440,20200428,0.874,1.62,1.305,1.304,1.398,1.489,1.583,1.681
439,20200429,0.661,1.755,1.344,1.304,1.399,1.49,1.585,1.681
438,20200430,1.888,1.919,1.511,1.314,1.4,1.493,1.588,1.683
437,20200506,1.483,1.865,1.364,1.311,1.4,1.492,1.589,1.684
436,20200507,1.143,1.838,1.321,1.304,1.4,1.491,1.589,1.683
435,20200508,0.938,1.809,1.296,1.3,1.4,1.491,1.589,1.683
434,20200509,0.85,1.481,1.279,1.3,1.399,1.493,1.592,1.686
433,20200511,0.876,1.679,1.278,1.3,1.398,1.493,1.594,1.69
432,20200512,0.803,1.568,1.269,1.3,1.398,1.493,1.595,1.695
431,20200513,0.705,1.485,1.253,1.3,1.398,1.493,1.597,1.696
430,20200514,0.743,1.514,1.256,1.3,1.399,1.493,1.598,1.698
429,20200515,0.864,1.657,1.259,1.3,1.399,1.493,1.599,1.7
428,20200518,0.905,1.563,1.265,1.3,1.398,1.492,1.598,1.699
427,20200519,1.385,1.521,1.274,1.3,1.399,1.492,1.598,1.698
426,20200520,1.22,1.534,1.321,1.301,1.399,1.492,1.599,1.699
425,20200521,1.104,1.556,1.314,1.303,1.4,1.493,1.6,1.701
424,20200522,1.094,1.595,1.313,1.307,1.4,1.493,1.6,1.704
423,20200525,1.473,1.785,1.34,1.316,1.4,1.497,1.6,1.71
422,20200526,1.88,1.908,1.491,1.342,1.405,1.503,1.611,1.723
421,20200527,2.104,2.018,1.75,1.39,1.415,1.518,1.626,1.739
420,20200528,2.102,2.179,1.847,1.412,1.43,1.525,1.64,1.748
419,20200529,2.097,2.151,1.925,1.43,1.453,1.552,1.667,1.774
418,20200601,1.629,1.959,1.724,1.424,1.456,1.566,1.678,1.788
417,20200602,1.468,1.673,1.44,1.422,1.462,1.575,1.69,1.801
416,20200603,1.885,1.971,1.579,1.455,1.494,1.596,1.723,1.826
415,20200604,1.963,2.001,1.604,1.513,1.536,1.619,1.745,1.851
414,20200605,1.582,1.987,1.705,1.582,1.594,1.668,1.773,1.903
413,20200608,1.89,1.942,1.69,1.647,1.658,1.737,1.83,1.957
412,20200609,1.833,1.947,1.758,1.741,1.727,1.788,1.884,2.007
411,20200610,1.849,1.98,1.8,1.791,1.816,1.861,1.947,2.053
410,20200611,1.757,2.021,1.848,1.86,1.904,1.953,2.051,2.138
409,20200612,1.529,2.016,1.859,1.899,1.956,2.004,2.106,2.189
408,20200615,1.477,1.855,1.79,1.916,1.987,2.03,2.141,2.207
407,20200616,1.751,1.891,1.757,1.95,2.019,2.062,2.166,2.23
406,20200617,2.048,2.057,1.832,1.993,2.056,2.095,2.207,2.266
405,20200618,2.123,2.1,2.096,2.023,2.078,2.115,2.223,2.285
404,20200619,2.131,2.147,2.156,2.048,2.095,2.132,2.249,2.3
403,20200622,2.133,2.15,2.205,2.057,2.097,2.142,2.253,2.308
402,20200623,1.971,2.15,2.419,2.08,2.109,2.152,2.265,2.325
401,20200624,1.54,2.173,2.284,2.098,2.121,2.16,2.28,2.344
400,20200629,1.012,2.181,2.156,2.096,2.127,2.166,2.29,2.35
399,20200630,1.785,2.228,2.282,2.083,2.126,2.168,2.296,2.358
398,20200701,1.967,2.095,1.984,2.071,2.122,2.178,2.299,2.361
397,20200702,1.745,2.006,1.823,2.038,2.113,2.181,2.297,2.368
396,20200703,1.364,1.98,1.685,2.011,2.105,2.186,2.301,2.376
395,20200706,1.346,1.794,1.624,1.997,2.104,2.19,2.305,2.384
394,20200707,1.706,2.092,1.72,1.998,2.103,2.196,2.318,2.392
393,20200708,2.088,2.137,1.872,1.998,2.111,2.209,2.335,2.404
392,20200709,2.189,2.192,2.048,2.013,2.122,2.222,2.353,2.42
391,20200710,2.197,2.203,1.957,2.035,2.143,2.241,2.367,2.433
390,20200713,2.128,2.201,2.216,2.057,2.163,2.264,2.385,2.455
389,20200714,1.67,2.148,2.094,2.077,2.192,2.292,2.404,2.48
388,20200715,2.022,2.15,2.113,2.1,2.241,2.334,2.438,2.516
387,20200716,2.2465,2.249,2.197,2.145,2.286,2.377,2.479,2.574
386,20200717,2.328,2.227,2.423,2.198,2.356,2.441,2.542,2.637
385,20200720,1.9565,2.183,2.306,2.214,2.404,2.49,2.585,2.671
384,20200721,1.584,2.101,2.215,2.223,2.466,2.565,2.651,2.727
383,20200722,1.336,2.008,2.187,2.225,2.501,2.621,2.687,2.758
382,20200723,1.858,2.207,2.192,2.239,2.541,2.654,2.709,2.783
381,20200724,1.843,2.147,2.234,2.245,2.557,2.676,2.727,2.796
380,20200727,1.994,2.202,2.289,2.258,2.574,2.69,2.738,2.804
379,20200728,1.753,2.2,2.278,2.267,2.578,2.697,2.745,2.807
378,20200729,1.45,2.174,2.281,2.276,2.586,2.7,2.752,2.815
377,20200730,1.369,2.183,2.24,2.288,2.59,2.705,2.756,2.82
376,20200731,1.788,2.236,2.247,2.295,2.593,2.709,2.76,2.828
375,20200803,1.57,2.043,1.946,2.282,2.595,2.715,2.763,2.828
374,20200804,1.925,2.143,2.043,2.286,2.598,2.733,2.778,2.837
373,20200805,1.69,2.062,2.035,2.281,2.6,2.744,2.79,2.846
372,20200806,1.661,2.074,2.021,2.286,2.6,2.749,2.797,2.85
371,20200807,2.057,2.205,2.052,2.286,2.603,2.755,2.802,2.852
370,20200810,2.129,2.202,2.098,2.295,2.601,2.755,2.803,2.853
369,20200811,2.201,2.249,2.197,2.299,2.6,2.757,2.803,2.855
368,20200812,2.152,2.246,2.271,2.3,2.601,2.764,2.809,2.862
367,20200813,2.162,2.237,2.284,2.3,2.601,2.769,2.811,2.866
366,20200814,2.175,2.222,2.307,2.306,2.601,2.778,2.814,2.872
365,20200817,2.128,2.213,2.276,2.305,2.602,2.779,2.822,2.878
364,20200818,2.115,2.19,2.231,2.304,2.6,2.788,2.831,2.886
363,20200819,2.148,2.204,2.248,2.307,2.6,2.795,2.84,2.893
362,20200820,2.172,2.249,2.341,2.316,2.601,2.8,2.845,2.896
361,20200821,2.258,2.28,2.422,2.339,2.601,2.802,2.849,2.9
360,20200824,2.3595,2.23,2.548,2.364,2.604,2.81,2.853,2.901
359,20200825,1.969,2.241,2.553,2.368,2.606,2.819,2.856,2.905
358,20200826,1.63,2.222,2.468,2.37,2.612,2.82,2.859,2.907
357,20200827,1.477,2.182,2.398,2.367,2.621,2.825,2.871,2.917
356,20200828,1.345,2.235,2.338,2.366,2.63,2.834,2.883,2.922
355,20200831,1.766,2.228,2.349,2.374,2.636,2.844,2.893,2.933
354,20200901,2.104,2.211,2.242,2.372,2.64,2.847,2.901,2.942
353,20200902,2.094,2.201,2.226,2.38,2.646,2.852,2.905,2.945
352,20200903,1.742,2.197,2.187,2.39,2.654,2.863,2.914,2.951
351,20200904,2.052,2.211,2.22,2.399,2.661,2.874,2.92,2.953
350,20200907,2.088,2.2,2.279,2.436,2.676,2.887,2.93,2.965
349,20200908,2.051,2.211,2.245,2.468,2.688,2.899,2.944,2.982
348,20200909,1.607,2.193,2.202,2.502,2.693,2.91,2.953,2.988
347,20200910,1.34,2.128,2.168,2.538,2.695,2.927,2.967,2.992
346,20200911,1.464,2.162,2.166,2.564,2.697,2.936,2.975,2.999
345,20200914,1.607,2.161,2.171,2.59,2.697,2.943,2.979,3.002
344,20200915,1.731,2.133,2.156,2.596,2.696,2.946,2.978,3.003
343,20200916,1.404,2.185,2.149,2.597,2.688,2.933,2.968,3.0
342,20200917,1.769,2.199,2.195,2.603,2.686,2.927,2.964,3.0
341,20200918,2.101,2.233,2.411,2.609,2.679,2.919,2.96,3.0
340,20200921,2.204,2.262,2.649,2.619,2.673,2.912,2.955,3.001
339,20200922,2.286,2.332,2.502,2.624,2.67,2.911,2.957,3.002
338,20200923,1.884,2.149,2.751,2.627,2.67,2.914,2.959,3.002
337,20200924,1.424,2.148,2.751,2.642,2.668,2.917,2.968,3.008
336,20200925,1.113,2.044,2.743,2.655,2.668,2.915,2.973,3.009
335,20200928,0.602,2.418,2.77,2.666,2.673,2.914,2.978,3.01
334,20200929,0.913,2.283,2.894,2.67,2.684,2.919,2.982,3.016
333,20200930,2.361,2.331,3.007,2.68,2.691,2.919,2.988,3.021
332,20201009,2.038,2.174,2.478,2.668,2.708,2.918,2.994,3.024
331,20201012,1.53,2.073,1.963,2.635,2.722,2.921,3.0,3.031
330,20201013,1.7,2.092,1.978,2.636,2.734,2.926,3.005,3.039
329,20201014,1.962,2.136,2.061,2.637,2.757,2.935,3.008,3.045
328,20201015,2.063,2.191,2.171,2.633,2.774,2.944,3.015,3.057
327,20201016,2.017,2.199,2.183,2.632,2.786,2.947,3.022,3.066
326,20201019,2.187,2.23,2.218,2.634,2.803,2.95,3.029,3.074
325,20201020,2.162,2.261,2.345,2.635,2.829,2.959,3.035,3.081
324,20201021,1.988,2.207,2.369,2.645,2.855,2.973,3.052,3.09
323,20201022,1.911,2.19,2.419,2.649,2.877,2.986,3.066,3.101
322,20201023,2.161,2.205,2.62,2.653,2.895,2.999,3.078,3.116
321,20201026,2.18,2.227,2.675,2.658,2.913,3.005,3.089,3.131
320,20201027,2.38,2.33,2.846,2.668,2.933,3.014,3.099,3.146
319,20201028,2.379,2.385,2.852,2.686,2.952,3.027,3.109,3.157
318,20201029,2.125,2.353,2.852,2.69,2.96,3.035,3.123,3.167
317,20201030,2.236,2.418,3.025,2.689,2.972,3.044,3.136,3.18
316,20201102,2.322,2.464,2.407,2.687,2.982,3.048,3.145,3.187
315,20201103,1.868,2.18,2.214,2.643,2.989,3.05,3.151,3.192
314,20201104,1.449,2.092,2.115,2.643,2.993,3.052,3.153,3.194
313,20201105,1.377,2.071,2.089,2.633,2.996,3.052,3.154,3.196
312,20201106,1.79,2.215,2.197,2.64,3.001,3.052,3.153,3.199
311,20201109,2.193,2.272,2.379,2.646,3.001,3.054,3.153,3.2
310,20201110,2.333,2.269,2.524,2.636,3.002,3.055,3.154,3.201
309,20201111,2.314,2.306,2.583,2.646,3.002,3.056,3.156,3.201
308,20201112,2.521,2.335,2.675,2.671,3.002,3.057,3.161,3.204
307,20201113,2.523,2.433,2.842,2.679,3.003,3.058,3.166,3.205
306,20201116,2.252,2.339,2.86,2.682,3.002,3.058,3.169,3.207
305,20201117,1.798,2.238,2.527,2.686,3.003,3.064,3.171,3.21
304,20201118,1.72,2.21,2.501,2.689,3.009,3.074,3.178,3.22
303,20201119,1.918,2.231,2.564,2.69,3.014,3.079,3.189,3.23
302,20201120,1.959,2.228,2.646,2.702,3.021,3.092,3.196,3.242
301,20201123,1.839,2.193,2.773,2.703,3.047,3.109,3.203,3.253
300,20201124,1.828,2.232,2.784,2.713,3.069,3.124,3.207,3.255
299,20201125,1.578,2.224,2.84,2.716,3.077,3.137,3.219,3.266
298,20201126,1.298,2.294,2.812,2.718,3.113,3.164,3.235,3.278
297,20201127,0.836,2.336,2.815,2.734,3.136,3.181,3.25,3.289
296,20201130,1.115,2.356,2.755,2.743,3.123,3.183,3.246,3.291
295,20201201,0.764,1.972,2.121,2.717,3.109,3.17,3.224,3.274
294,20201202,0.742,1.925,1.987,2.703,3.103,3.163,3.216,3.265
293,20201203,0.901,2.104,1.975,2.706,3.089,3.159,3.21,3.261
292,20201204,1.086,2.116,2.017,2.696,3.083,3.156,3.2065,3.2578
291,20201207,1.366,2.119,2.032,2.7,3.076,3.155,3.206,3.257
290,20201208,1.302,2.101,2.052,2.702,3.073,3.155,3.206,3.259
289,20201209,1.065,2.074,2.042,2.714,3.05,3.154,3.206,3.256
288,20201210,0.979,2.063,1.973,2.712,3.024,3.142,3.2,3.247
287,20201211,1.431,2.178,1.978,2.712,3.016,3.13,3.195,3.239
286,20201214,1.702,2.143,2.046,2.722,3.0,3.1,3.187,3.231
285,20201215,1.403,2.062,1.999,2.725,2.983,3.071,3.156,3.2
284,20201216,0.974,1.815,1.9,2.723,2.952,3.024,3.112,3.149
283,20201217,1.356,1.961,1.937,2.717,2.905,2.97,3.065,3.099
282,20201218,1.723,2.148,2.267,2.716,2.855,2.922,3.03,3.066
281,20201221,1.489,2.05,2.862,2.717,2.818,2.887,3.008,3.047
280,20201222,1.015,2.061,2.94,2.714,2.796,2.868,2.992,3.04
279,20201223,0.623,2.064,2.846,2.708,2.787,2.854,2.974,3.033
278,20201224,0.609,1.774,2.798,2.703,2.776,2.849,2.962,3.029
277,20201225,0.793,2.151,2.829,2.702,2.766,2.84,2.955,3.015
276,20201228,0.673,2.133,2.865,2.702,2.761,2.838,2.948,3.009
275,20201229,0.624,2.264,2.805,2.702,2.757,2.837,2.946,3.001
274,20201230,0.644,2.308,2.964,2.702,2.755,2.837,2.946,3.0
273,20201231,1.093,2.381,3.025,2.702,2.756,2.838,2.939,3.0
272,20210104,0.899,1.993,2.021,2.642,2.746,2.829,2.926,2.993
271,20210105,0.729,1.822,1.856,2.577,2.734,2.816,2.913,2.985
270,20210106,0.616,1.966,1.788,2.529,2.707,2.792,2.889,2.962
269,20210107,0.921,1.855,1.742,2.491,2.677,2.769,2.863,2.936
268,20210108,0.965,2.141,1.793,2.468,2.645,2.738,2.837,2.91
267,20210111,1.216,2.148,1.821,2.447,2.618,2.715,2.814,2.889
266,20210112,1.333,1.985,1.923,2.432,2.599,2.703,2.802,2.88
265,20210113,1.401,1.999,1.951,2.412,2.59,2.697,2.799,2.871
264,20210114,1.675,2.013,1.937,2.404,2.582,2.697,2.797,2.864
263,20210115,1.738,2.124,1.99,2.39,2.581,2.694,2.795,2.859
262,20210118,2.125,2.177,2.141,2.388,2.578,2.69,2.793,2.857
261,20210119,2.236,2.267,2.248,2.396,2.573,2.685,2.785,2.858
260,20210120,2.457,2.493,2.619,2.464,2.575,2.688,2.789,2.866
259,20210121,2.573,2.359,2.651,2.489,2.578,2.688,2.789,2.875
258,20210122,2.436,2.271,2.601,2.503,2.578,2.688,2.789,2.883
257,20210125,2.45,2.296,2.681,2.512,2.579,2.691,2.791,2.892
256,20210126,2.726,2.728,2.853,2.547,2.589,2.699,2.802,2.906
255,20210127,2.97,2.969,3.064,2.632,2.619,2.707,2.827,2.936
254,20210128,3.024,2.981,3.555,2.708,2.705,2.756,2.859,2.962
253,20210129,3.282,3.071,3.798,2.832,2.765,2.796,2.896,2.989
252,20210201,2.795,3.194,3.283,2.85,2.773,2.802,2.902,2.998
251,20210202,2.313,2.241,2.715,2.807,2.775,2.805,2.91,3.003
250,20210203,1.859,2.146,2.585,2.772,2.776,2.807,2.916,3.002
249,20210204,2.075,2.324,2.644,2.752,2.776,2.807,2.92,3.002
248,20210205,1.909,2.338,2.877,2.753,2.779,2.807,2.932,3.007
247,20210208,1.906,2.341,2.762,2.755,2.791,2.828,2.95,3.024
246,20210209,1.772,2.425,2.732,2.759,2.808,2.85,2.953,3.034
245,20210210,1.925,2.217,2.383,2.754,2.812,2.862,2.953,3.038
244,20210218,2.341,2.213,2.292,2.753,2.815,2.866,2.953,3.038
243,20210219,1.886,2.051,2.397,2.745,2.824,2.876,2.966,3.052
242,20210222,1.512,2.206,2.324,2.74,2.845,2.895,2.988,3.076
241,20210223,1.984,2.277,2.418,2.733,2.848,2.9,3.0,3.085
240,20210224,1.512,2.114,2.368,2.727,2.843,2.902,3.007,3.094
239,20210225,1.703,2.215,2.349,2.721,2.836,2.9,3.007,3.101
238,20210226,2.092,2.214,2.328,2.719,2.833,2.9,3.007,3.104
237,20210301,2.154,2.216,2.22,2.701,2.813,2.899,3.005,3.105
236,20210302,1.775,2.157,2.196,2.682,2.804,2.899,3.005,3.106
235,20210303,1.471,1.89,2.107,2.654,2.794,2.898,3.002,3.103
234,20210304,1.926,2.161,2.111,2.629,2.781,2.893,3.001,3.104
233,20210305,1.565,1.999,2.081,2.597,2.766,2.885,3.0,3.102
232,20210308,1.704,2.144,2.129,2.583,2.749,2.879,3.0,3.102
231,20210309,2.024,2.067,2.102,2.584,2.74,2.867,3.0,3.102
230,20210310,1.747,2.038,2.086,2.578,2.737,2.86,3.0,3.102
229,20210311,1.796,2.06,2.087,2.574,2.733,2.855,3.0,3.102
228,20210312,1.787,2.134,2.151,2.563,2.719,2.848,3.0,3.101
227,20210315,2.245,2.275,2.411,2.568,2.709,2.843,2.998,3.102
226,20210316,2.14,2.229,2.29,2.568,2.705,2.836,2.999,3.102
225,20210317,1.968,2.167,2.17,2.57,2.704,2.832,2.999,3.1
224,20210318,2.206,2.197,2.313,2.574,2.703,2.831,2.993,3.1
223,20210319,2.135,2.199,2.297,2.577,2.698,2.836,2.995,3.1
222,20210322,2.052,2.163,2.469,2.576,2.694,2.832,2.993,3.097
221,20210323,1.976,2.168,2.452,2.578,2.689,2.826,2.988,3.094
220,20210324,1.822,1.992,2.429,2.577,2.681,2.815,2.983,3.09
219,20210325,2.029,2.194,2.412,2.577,2.6685,2.809,2.976,3.089
218,20210326,1.762,2.173,2.397,2.569,2.65,2.802,2.966,3.086
217,20210329,1.814,2.158,2.369,2.554,2.642,2.802,2.951,3.083
216,20210330,1.825,2.236,2.415,2.541,2.639,2.799,2.944,3.081
215,20210331,2.124,2.251,2.478,2.542,2.635,2.798,2.941,3.08
214,20210401,2.143,2.155,2.192,2.541,2.635,2.799,2.935,3.08
213,20210402,1.734,2.145,2.179,2.541,2.634,2.799,2.93,3.079
212,20210406,1.765,2.045,2.086,2.533,2.629,2.798,2.922,3.072
211,20210407,1.824,1.939,2.003,2.532,2.62,2.796,2.917,3.068
210,20210408,1.76,2.014,2.057,2.523,2.615,2.798,2.913,3.062
209,20210409,1.784,2.054,2.08,2.516,2.612,2.795,2.911,3.059
208,20210412,1.792,2.05,2.112,2.51,2.608,2.797,2.909,3.055
207,20210413,1.781,2.061,2.088,2.508,2.605,2.798,2.903,3.051
206,20210414,1.81,2.063,2.086,2.503,2.603,2.798,2.902,3.042
205,20210415,1.81,2.058,2.07,2.502,2.602,2.798,2.9,3.037
204,20210416,1.946,2.199,2.119,2.501,2.601,2.798,2.9,3.032
203,20210419,2.118,2.226,2.25,2.5,2.6,2.798,2.9,3.026
202,20210420,1.854,2.196,2.262,2.5,2.6,2.798,2.9,3.02
201,20210421,1.864,2.133,2.259,2.5,2.6,2.794,2.9,3.009
200,20210422,2.127,2.15,2.281,2.5,2.6,2.792,2.9,3.001
199,20210423,1.942,2.139,2.283,2.5,2.6,2.792,2.9,3.0
198,20210426,2.075,2.246,2.39,2.494,2.594,2.792,2.896,2.987
197,20210427,1.814,2.234,2.307,2.491,2.592,2.782,2.889,2.981
196,20210428,1.78,2.189,2.321,2.491,2.592,2.768,2.884,2.98
195,20210429,1.823,2.252,2.331,2.49,2.585,2.757,2.88,2.978
194,20210430,2.285,2.336,2.367,2.489,2.58,2.752,2.879,2.972
193,20210506,2.097,2.152,2.179,2.477,2.576,2.745,2.874,2.966
192,20210507,1.779,1.94,2.026,2.463,2.569,2.742,2.865,2.959
191,20210510,1.663,1.909,1.957,2.437,2.542,2.728,2.848,2.947
190,20210511,1.938,2.078,1.986,2.432,2.536,2.722,2.843,2.943
189,20210512,1.951,2.029,2.032,2.429,2.532,2.719,2.843,2.938
188,20210513,1.966,2.082,2.06,2.423,2.525,2.709,2.842,2.932
187,20210514,1.805,2.074,2.079,2.422,2.521,2.705,2.842,2.931
186,20210517,2.136,2.195,2.137,2.419,2.514,2.703,2.841,2.932
185,20210518,2.119,2.196,2.24,2.418,2.51,2.702,2.841,2.93
184,20210519,2.025,2.149,2.218,2.416,2.505,2.701,2.843,2.932
183,20210520,2.092,2.165,2.268,2.412,2.497,2.69,2.843,2.931
182,20210521,1.996,2.16,2.26,2.41,2.489,2.684,2.843,2.929
181,20210524,2.171,2.156,2.31,2.407,2.49,2.675,2.842,2.925
180,20210525,2.194,2.254,2.317,2.406,2.485,2.671,2.842,2.924
179,20210526,1.99,2.269,2.311,2.405,2.479,2.67,2.841,2.921
178,20210527,2.117,2.262,2.336,2.403,2.474,2.667,2.836,2.915
177,20210528,2.166,2.278,2.376,2.404,2.476,2.663,2.834,2.912
176,20210531,2.227,2.502,2.581,2.407,2.479,2.663,2.838,2.911
175,20210601,2.187,2.233,2.139,2.406,2.478,2.659,2.84,2.91
174,20210602,2.04,2.156,2.135,2.397,2.469,2.651,2.835,2.907
173,20210603,1.852,2.092,2.093,2.384,2.454,2.641,2.829,2.899
172,20210604,2.175,2.187,2.11,2.377,2.444,2.629,2.821,2.887
171,20210607,2.299,2.253,2.346,2.385,2.446,2.626,2.822,2.887
170,20210608,2.193,2.267,2.35,2.383,2.443,2.624,2.824,2.884
169,20210609,2.188,2.271,2.322,2.386,2.442,2.618,2.826,2.884
168,20210610,1.892,2.146,2.269,2.381,2.435,2.611,2.823,2.881
167,20210611,1.998,2.169,2.202,2.384,2.434,2.61,2.824,2.883
166,20210615,2.104,2.237,2.246,2.383,2.434,2.608,2.825,2.884
165,20210616,2.006,2.198,2.221,2.388,2.439,2.605,2.826,2.886
164,20210617,1.876,2.179,2.248,2.391,2.441,2.604,2.829,2.891
163,20210618,2.014,2.206,2.527,2.398,2.444,2.606,2.83,2.895
162,20210621,2.247,2.257,2.526,2.401,2.449,2.606,2.834,2.902
161,20210622,2.301,2.337,2.623,2.406,2.457,2.608,2.838,2.905
160,20210623,2.208,2.276,2.673,2.406,2.457,2.61,2.841,2.906
159,20210624,1.853,2.254,2.61,2.404,2.455,2.611,2.84,2.907
158,20210625,1.55,2.196,2.719,2.404,2.456,2.609,2.84,2.904
157,20210628,1.558,2.258,2.836,2.405,2.457,2.607,2.84,2.904
156,20210629,1.795,2.431,2.911,2.41,2.458,2.608,2.84,2.904
155,20210630,2.177,2.405,2.966,2.415,2.458,2.609,2.841,2.904
154,20210701,1.734,2.186,2.199,2.407,2.457,2.606,2.841,2.901
153,20210702,1.614,1.945,2.041,2.385,2.449,2.605,2.841,2.899
152,20210705,1.665,2.034,2.021,2.382,2.444,2.601,2.841,2.896
151,20210706,1.908,2.046,2.023,2.378,2.442,2.601,2.841,2.898
150,20210707,2.068,2.129,2.064,2.376,2.442,2.6,2.84,2.896
149,20210708,1.791,2.114,2.107,2.357,2.435,2.594,2.823,2.872
148,20210709,2.206,2.22,2.149,2.351,2.435,2.589,2.818,2.868
147,20210712,1.94,2.163,2.193,2.339,2.428,2.577,2.804,2.858
146,20210713,2.05,2.193,2.198,2.333,2.423,2.567,2.791,2.843
145,20210714,1.984,2.179,2.195,2.326,2.414,2.552,2.785,2.833
144,20210715,2.098,2.178,2.186,2.316,2.405,2.547,2.776,2.822
143,20210716,2.115,2.201,2.188,2.318,2.404,2.543,2.769,2.814
142,20210719,2.111,2.155,2.235,2.315,2.401,2.534,2.76,2.808
141,20210720,2.178,2.198,2.258,2.313,2.402,2.528,2.754,2.805
140,20210721,2.182,2.218,2.284,2.315,2.402,2.527,2.748,2.801
139,20210722,2.114,2.18,2.344,2.317,2.402,2.526,2.746,2.799
138,20210723,2.057,2.143,2.311,2.318,2.402,2.523,2.746,2.797
137,20210726,2.119,2.214,2.346,2.32,2.402,2.523,2.746,2.793
136,20210727,2.27,2.31,2.442,2.324,2.401,2.527,2.746,2.796
135,20210728,2.092,2.356,2.457,2.329,2.401,2.528,2.747,2.796
134,20210729,1.644,2.257,2.394,2.326,2.401,2.525,2.742,2.788
133,20210730,2.178,2.284,2.339,2.331,2.401,2.525,2.74,2.789
132,20210802,1.876,2.071,2.072,2.318,2.4,2.517,2.734,2.78
131,20210803,1.836,2.041,2.091,2.303,2.394,2.511,2.726,2.766
130,20210804,1.71,2.04,2.029,2.295,2.385,2.506,2.712,2.75
129,20210805,1.709,1.97,1.982,2.288,2.373,2.494,2.698,2.736
128,20210806,1.859,1.994,2.001,2.278,2.368,2.489,2.69,2.728
127,20210809,2.212,2.145,2.132,2.27,2.36,2.485,2.683,2.72
126,20210810,2.25,2.348,2.388,2.289,2.365,2.483,2.678,2.716
125,20210811,2.032,2.147,2.315,2.292,2.363,2.482,2.674,2.713
124,20210812,1.94,2.15,2.159,2.295,2.36,2.48,2.667,2.71
123,20210813,2.176,2.197,2.155,2.3,2.359,2.479,2.666,2.71
122,20210816,2.105,2.193,2.201,2.301,2.355,2.476,2.665,2.708
121,20210817,1.972,2.139,2.13,2.3,2.355,2.476,2.663,2.704
120,20210818,1.725,2.054,2.284,2.3,2.355,2.475,2.659,2.7
119,20210819,1.841,2.091,2.248,2.3,2.354,2.474,2.656,2.7
118,20210820,2.042,2.115,2.235,2.3,2.353,2.472,2.656,2.7
117,20210823,2.143,2.16,2.244,2.3,2.353,2.471,2.656,2.7
116,20210824,2.262,2.224,2.299,2.303,2.353,2.471,2.656,2.7
115,20210825,2.211,2.311,2.322,2.309,2.354,2.471,2.651,2.7
114,20210826,2.199,2.319,2.317,2.312,2.354,2.471,2.653,2.7
113,20210827,2.092,2.329,2.306,2.315,2.354,2.471,2.652,2.7
112,20210830,1.846,2.308,2.323,2.319,2.355,2.472,2.652,2.7
111,20210831,2.195,2.322,2.36,2.329,2.357,2.473,2.652,2.7
110,20210901,2.122,2.104,2.039,2.323,2.358,2.47,2.651,2.7
109,20210902,2.082,2.075,2.056,2.311,2.356,2.47,2.646,2.699
108,20210903,1.943,2.059,2.051,2.31,2.356,2.47,2.648,2.699
107,20210906,2.115,2.151,2.169,2.307,2.355,2.469,2.649,2.698
106,20210907,2.187,2.198,2.17,2.305,2.355,2.471,2.649,2.698
105,20210908,2.184,2.201,2.246,2.307,2.357,2.468,2.649,2.699
104,20210909,2.029,2.158,2.237,2.311,2.357,2.467,2.649,2.698
103,20210910,2.109,2.199,2.227,2.312,2.357,2.467,2.649,2.698
102,20210913,2.165,2.203,2.296,2.32,2.357,2.467,2.644,2.699
101,20210914,2.296,2.28,2.353,2.339,2.361,2.468,2.649,2.699
100,20210915,2.137,2.213,2.336,2.344,2.363,2.468,2.649,2.7
99,20210916,2.21,2.234,2.345,2.356,2.365,2.466,2.649,2.7
98,20210917,2.213,2.398,2.382,2.373,2.372,2.468,2.649,2.7
97,20210922,2.161,2.232,2.387,2.387,2.385,2.469,2.649,2.7
96,20210923,2.035,2.189,2.657,2.396,2.39,2.469,2.649,2.7
95,20210924,1.695,2.219,2.709,2.408,2.397,2.473,2.65,2.7
94,20210927,1.708,1.984,2.732,2.418,2.408,2.483,2.65,2.708
93,20210928,1.946,2.115,2.809,2.426,2.417,2.485,2.653,2.713
92,20210929,1.505,2.45,2.9,2.436,2.427,2.489,2.652,2.718
91,20210930,2.22,2.266,2.97,2.439,2.431,2.489,2.655,2.722
90,20211008,2.105,2.17,2.095,2.399,2.433,2.489,2.656,2.722
89,20211011,2.135,2.199,2.181,2.366,2.423,2.488,2.651,2.718
88,20211012,2.101,2.167,2.183,2.363,2.423,2.492,2.651,2.716
87,20211013,2.157,2.202,2.199,2.357,2.42,2.495,2.651,2.717
86,20211014,2.106,2.198,2.3,2.359,2.423,2.498,2.653,2.725
85,20211015,2.065,2.132,2.145,2.3582,2.4222,2.498,2.653,2.7265
84,20211018,2.131,2.174,2.278,2.357,2.422,2.5,2.654,2.734
83,20211019,2.223,2.283,2.552,2.362,2.428,2.501,2.655,2.738
82,20211020,2.104,2.221,2.395,2.363,2.431,2.504,2.657,2.746
81,20211021,1.683,2.055,2.456,2.366,2.432,2.509,2.66,2.753
80,20211022,1.672,2.056,2.434,2.37,2.434,2.511,2.663,2.758
79,20211025,1.61,2.243,2.41,2.38,2.438,2.522,2.661,2.759
78,20211026,1.546,2.262,2.424,2.387,2.443,2.525,2.664,2.766
77,20211027,1.921,2.268,2.441,2.392,2.445,2.529,2.664,2.773
76,20211028,1.94,2.301,2.441,2.396,2.448,2.533,2.666,2.778
75,20211029,2.142,2.299,2.414,2.398,2.449,2.536,2.669,2.782
74,20211101,2.03,2.168,2.158,2.398,2.449,2.537,2.671,2.783
73,20211102,2.126,2.185,2.205,2.394,2.45,2.539,2.673,2.783
72,20211103,2.0,2.137,2.186,2.397,2.452,2.541,2.675,2.784
71,20211104,1.886,2.132,2.146,2.397,2.451,2.542,2.675,2.784
70,20211105,1.887,2.129,2.213,2.398,2.451,2.542,2.673,2.78
69,20211108,1.897,2.121,2.167,2.396,2.452,2.546,2.673,2.779
68,20211109,2.137,2.191,2.227,2.399,2.454,2.55,2.673,2.774
67,20211110,1.833,2.142,2.201,2.398,2.454,2.551,2.673,2.769
66,20211111,1.881,2.113,2.144,2.398,2.454,2.554,2.673,2.768
65,20211112,1.856,2.124,2.093,2.382,2.454,2.556,2.673,2.767
64,20211115,1.787,2.1,2.111,2.359,2.46,2.563,2.674,2.763
63,20211116,1.923,2.096,2.103,2.356,2.463,2.566,2.671,2.762
62,20211117,2.152,2.182,2.196,2.349,2.467,2.572,2.671,2.759
61,20211118,1.932,2.172,2.306,2.346,2.473,2.576,2.671,2.757
60,20211119,1.998,2.171,2.323,2.348,2.475,2.577,2.673,2.756
59,20211122,1.946,2.109,2.35,2.35,2.477,2.583,2.674,2.756
58,20211123,2.178,2.17,2.432,2.353,2.48,2.586,2.675,2.757
57,20211124,1.788,2.269,2.425,2.353,2.482,2.589,2.676,2.756
56,20211125,1.823,2.231,2.397,2.353,2.484,2.592,2.677,2.756
55,20211126,1.712,2.247,2.322,2.353,2.486,2.593,2.676,2.754
54,20211129,1.86,2.239,2.295,2.353,2.489,2.594,2.676,2.752
53,20211130,2.173,2.297,2.576,2.356,2.492,2.595,2.674,2.753
52,20211201,2.017,2.121,2.115,2.357,2.494,2.597,2.667,2.752
51,20211202,1.984,2.1,2.083,2.356,2.496,2.599,2.665,2.752
50,20211203,1.913,2.078,2.145,2.357,2.499,2.6,2.666,2.751
49,20211206,1.817,2.129,2.087,2.358,2.492,2.594,2.66,2.746
48,20211207,2.13,2.159,2.167,2.357,2.488,2.586,2.658,2.743
47,20211208,2.151,2.202,2.252,2.36,2.489,2.583,2.655,2.74
46,20211209,2.154,2.22,2.286,2.36,2.49,2.585,2.657,2.738
45,20211210,1.807,2.184,2.132,2.36,2.492,2.587,2.657,2.736
44,20211213,2.108,2.197,2.141,2.364,2.493,2.587,2.657,2.737
43,20211214,2.168,2.21,2.29,2.365,2.493,2.587,2.657,2.736
42,20211215,2.137,2.201,2.222,2.364,2.493,2.587,2.657,2.736
41,20211216,2.116,2.209,2.157,2.366,2.491,2.587,2.657,2.736
40,20211217,1.862,2.151,2.177,2.368,2.492,2.587,2.656,2.735
39,20211220,1.994,2.121,2.482,2.381,2.492,2.588,2.658,2.735
38,20211221,1.858,2.087,2.708,2.386,2.493,2.59,2.66,2.738
37,20211222,1.687,2.012,2.907,2.402,2.494,2.591,2.66,2.739
36,20211223,1.631,2.023,3.053,2.409,2.496,2.591,2.661,2.738
35,20211224,1.84,1.943,3.288,2.416,2.5,2.592,2.663,2.737
34,20211227,1.778,2.312,3.07,2.424,2.5,2.591,2.662,2.737
33,20211228,1.616,2.245,3.099,2.425,2.5,2.591,2.662,2.738
32,20211229,1.343,2.25,3.058,2.429,2.5,2.591,2.661,2.737
31,20211230,1.276,2.321,3.113,2.43,2.501,2.592,2.66,2.737
30,20211231,2.129,2.271,2.988,2.431,2.5,2.59,2.66,2.736
29,20220104,1.925,2.099,2.112,2.429,2.5,2.589,2.659,2.736
28,20220105,1.777,2.148,2.046,2.429,2.5,2.588,2.658,2.737
27,20220106,1.714,2.042,1.995,2.429,2.5,2.584,2.657,2.734
26,20220107,1.839,2.103,1.966,2.43,2.5,2.578,2.656,2.729
25,20220110,1.878,2.093,1.977,2.429,2.5,2.575,2.654,2.726
24,20220111,1.984,2.131,2.027,2.429,2.5,2.574,2.65,2.726
23,20220112,1.972,2.098,2.039,2.428,2.5,2.57,2.65,2.724
22,20220113,2.218,2.202,2.079,2.427,2.5,2.569,2.65,2.721
21,20220114,2.209,2.213,2.235,2.429,2.5,2.564,2.65,2.718
20,20220117,2.113,2.183,2.391,2.428,2.499,2.555,2.645,2.711
19,20220118,1.921,2.088,2.209,2.427,2.493,2.548,2.64,2.706
18,20220119,2.035,2.127,2.405,2.422,2.483,2.534,2.63,2.696
17,20220120,2.035,2.113,2.431,2.418,2.471,2.526,2.623,2.686
16,20220121,2.063,2.112,2.368,2.417,2.466,2.521,2.619,2.682
15,20220124,1.935,2.132,2.435,2.418,2.465,2.517,2.613,2.678
14,20220125,1.931,2.093,2.489,2.419,2.464,2.513,2.605,2.674
13,20220126,1.74,2.088,2.502,2.419,2.46,2.508,2.602,2.668
12,20220127,1.614,2.12,2.462,2.418,2.457,2.504,2.599,2.664
11,20220128,1.2,2.25,2.561,2.419,2.457,2.5,2.595,2.66
10,20220207,2.112,2.102,2.145,2.407,2.454,2.498,2.588,2.657
9,20220208,2.044,2.087,2.032,2.4,2.448,2.496,2.585,2.655
8,20220209,1.728,2.01,1.97,2.395,2.447,2.495,2.584,2.654
7,20220210,1.673,1.965,1.963,2.381,2.442,2.49,2.571,2.639
6,20220211,1.812,2.021,1.972,2.369,2.432,2.483,2.563,2.629
5,20220214,1.866,2.023,1.972,2.359,2.424,2.476,2.554,2.62
4,20220215,1.807,2.0,2.008,2.348,2.415,2.471,2.545,2.613
3,20220216,1.942,2.057,2.028,2.34,2.41,2.466,2.54,2.604
2,20220217,1.855,2.002,2.047,2.334,2.406,2.463,2.534,2.596
1,20220218,2.11,2.098,2.227,2.323,2.4,2.457,2.524,2.586
0,20220221,2.195,2.14,2.302,2.315,2.392,2.453,2.515,2.579
