日期,开盘,收盘,高,低,涨跌幅,on
2016/1/21,2.6830000000000003,2.7,2.7030000000000003,2.68,0.78%,2.014
2016/1/22,2.705,2.6889999999999996,2.705,2.682,-0.41%,2.028
2016/1/25,2.75,2.694,2.75,2.68,0.19%,2.009
2016/1/26,2.7030000000000003,2.738,2.74,2.69,1.63%,1.997
2016/1/27,2.763,2.7739999999999996,2.783,2.763,1.31%,1.995
2016/1/28,2.78,2.7960000000000003,2.7960000000000003,2.77,0.79%,1.992
2016/1/29,2.8,2.7889999999999997,2.8,2.787,-0.25%,1.989
2016/2/1,2.79,2.759,2.79,2.7,-1.08%,1.987
2016/2/2,2.775,2.7319999999999998,2.775,2.727,-0.98%,1.984
2016/2/3,2.755,2.747,2.755,2.7430000000000003,0.55%,1.983
2016/2/4,2.758,2.7460000000000004,2.758,2.742,-0.04%,1.983
2016/2/5,2.758,2.7310000000000003,2.758,2.73,-0.55%,1.984
2016/2/6,2.7310000000000003,2.7310000000000003,2.7310000000000003,2.7310000000000003,0.00%,2.281
2016/2/14,2.75,2.734,2.755,2.734,0.11%,1.978
2016/2/15,2.748,2.6889999999999996,2.748,2.687,-1.65%,1.977
2016/2/16,2.697,2.6839999999999997,2.698,2.681,-0.19%,1.974
2016/2/17,2.697,2.702,2.717,2.697,0.67%,1.968
2016/2/18,2.717,2.7060000000000004,2.717,2.7,0.15%,1.951
2016/2/19,2.72,2.696,2.72,2.694,-0.37%,1.938
2016/2/22,2.75,2.6919999999999997,2.75,2.67,-0.15%,1.934
2016/2/23,2.718,2.678,2.718,2.673,-0.52%,1.933
2016/2/24,2.685,2.673,2.693,2.657,-0.19%,1.956
2016/2/25,2.6830000000000003,2.6639999999999997,2.6830000000000003,2.66,-0.34%,2.004
2016/2/26,2.687,2.668,2.697,2.6630000000000003,0.15%,2.048
2016/2/29,2.72,2.655,2.72,2.65,-0.49%,2.007
2016/3/1,2.68,2.65,2.68,2.637,-0.19%,1.968
2016/3/2,2.668,2.6319999999999997,2.668,2.6210000000000004,-0.68%,1.962
2016/3/3,2.64,2.6289999999999996,2.64,2.628,-0.11%,1.957
2016/3/4,2.648,2.64,2.648,2.636,0.42%,1.95
2016/3/7,2.68,2.638,2.69,2.637,-0.08%,1.951
2016/3/8,2.66,2.6510000000000002,2.67,2.6510000000000002,0.49%,1.95
2016/3/9,2.673,2.657,2.673,2.653,0.23%,1.95
2016/3/10,2.658,2.62,2.658,2.62,-1.39%,1.947
2016/3/11,2.64,2.609,2.64,2.6060000000000003,-0.42%,1.945
2016/3/14,2.6,2.585,2.65,2.585,-0.92%,1.949
2016/3/15,2.59,2.5860000000000003,2.597,2.5860000000000003,0.04%,1.953
2016/3/16,2.595,2.6,2.6060000000000003,2.593,0.54%,1.956
2016/3/17,2.6180000000000003,2.5789999999999997,2.6180000000000003,2.5789999999999997,-0.81%,1.97
2016/3/18,2.588,2.588,2.59,2.5669999999999997,0.35%,1.99
2016/3/21,2.58,2.562,2.58,2.562,-1.00%,1.998
2016/3/22,2.575,2.58,2.582,2.563,0.70%,2.007
2016/3/23,2.597,2.58,2.597,2.5669999999999997,0.00%,2.0
2016/3/24,2.593,2.575,2.593,2.571,-0.19%,1.995
2016/3/25,2.58,2.56,2.58,2.548,-0.58%,1.989
2016/3/28,2.55,2.537,2.55,2.533,-0.90%,1.992
2016/3/29,2.55,2.542,2.55,2.54,0.20%,1.996
2016/3/30,2.55,2.551,2.552,2.53,0.35%,2.004
2016/3/31,2.563,2.531,2.563,2.5269999999999997,-0.78%,2.017
2016/4/1,2.553,2.521,2.553,2.52,-0.40%,2.014
2016/4/4,2.521,2.521,2.521,2.521,0.00%,2.014
2016/4/5,2.54,2.524,2.54,2.51,0.12%,1.993
2016/4/6,2.54,2.531,2.545,2.53,0.28%,1.983
2016/4/7,2.55,2.5610000000000004,2.5639999999999996,2.543,1.19%,1.9783
2016/4/8,2.57,2.563,2.575,2.5610000000000004,0.08%,1.98
2016/4/11,2.6,2.5789999999999997,2.6,2.577,0.62%,1.985
2016/4/12,2.595,2.583,2.595,2.577,0.16%,1.993
2016/4/13,2.603,2.6039999999999996,2.608,2.593,0.81%,1.996
2016/4/14,2.63,2.6510000000000002,2.6510000000000002,2.613,1.80%,1.999
2016/4/15,2.638,2.673,2.698,2.638,0.83%,1.995
2016/4/18,2.7,2.6919999999999997,2.7,2.68,0.71%,1.998
2016/4/19,2.7,2.677,2.7,2.677,-0.56%,2.004
2016/4/20,2.68,2.677,2.697,2.677,0.00%,2.018
2016/4/21,2.7230000000000003,2.727,2.728,2.707,1.87%,2.029
2016/4/22,2.747,2.71,2.747,2.71,-0.62%,2.038
2016/4/25,2.73,2.728,2.73,2.728,0.66%,2.045
2016/4/26,2.76,2.8080000000000003,2.8080000000000003,2.76,2.93%,2.036
2016/4/27,2.79,2.787,2.79,2.787,-0.75%,2.024
2016/4/28,2.787,2.77,2.787,2.767,-0.61%,2.021
2016/4/29,2.7769999999999997,2.7689999999999997,2.7769999999999997,2.7689999999999997,-0.04%,2.049
2016/5/3,2.77,2.762,2.77,2.76,-0.25%,2.0033
2016/5/4,2.765,2.7510000000000003,2.765,2.747,-0.40%,2.0
2016/5/5,2.767,2.716,2.767,2.7119999999999997,-1.27%,2.001
2016/5/6,2.733,2.714,2.733,2.71,-0.07%,2.0
2016/5/9,2.75,2.722,2.75,2.72,0.29%,1.999
2016/5/10,2.7230000000000003,2.688,2.7230000000000003,2.687,-1.25%,1.999
2016/5/11,2.71,2.693,2.71,2.6889999999999996,0.19%,1.999
2016/5/12,2.717,2.697,2.717,2.69,0.15%,2.0
2016/5/13,2.713,2.6839999999999997,2.713,2.6839999999999997,-0.48%,2.002
2016/5/16,2.7,2.681,2.7,2.68,-0.11%,2.005
2016/5/17,2.7030000000000003,2.676,2.7030000000000003,2.676,-0.19%,2.011
2016/5/18,2.7030000000000003,2.694,2.707,2.6910000000000003,0.67%,2.011
2016/5/19,2.7230000000000003,2.73,2.74,2.718,1.34%,2.01
2016/5/20,2.753,2.7230000000000003,2.753,2.7230000000000003,-0.26%,2.008
2016/5/21,2.76,2.72,2.76,2.72,-0.11%,2.008
2016/5/23,2.77,2.7560000000000002,2.77,2.75,1.32%,2.004
2016/5/24,2.775,2.761,2.775,2.758,0.18%,2.002
2016/5/25,2.775,2.7569999999999997,2.775,2.752,-0.14%,2.001
2016/5/26,2.7680000000000002,2.766,2.77,2.764,0.33%,2.001
2016/5/27,2.778,2.7689999999999997,2.778,2.765,0.11%,2.001
2016/5/30,2.78,2.7760000000000002,2.78,2.748,0.25%,2.002
2016/5/31,2.78,2.767,2.78,2.766,-0.32%,2.01
2016/6/1,2.767,2.766,2.767,2.76,-0.04%,2.006
2016/6/2,2.778,2.7710000000000004,2.778,2.765,0.18%,2.004
2016/6/3,2.778,2.783,2.784,2.77,0.43%,1.999
2016/6/6,2.8,2.787,2.8,2.755,0.14%,1.998
2016/6/7,2.793,2.7769999999999997,2.793,2.7739999999999996,-0.36%,2.0
2016/6/8,2.795,2.784,2.795,2.78,0.25%,2.0
2016/6/11,2.784,2.784,2.784,2.784,0.00%,2.0
2016/6/12,2.8160000000000003,2.8160000000000003,2.8160000000000003,2.8160000000000003,1.15%,2.0
2016/6/13,2.84,2.8110000000000004,2.84,2.807,-0.18%,2.0
2016/6/14,2.8169999999999997,2.8110000000000004,2.827,2.7939999999999996,0.00%,2.0
2016/6/15,2.825,2.7880000000000003,2.825,2.785,-0.82%,2.0
2016/6/16,2.8080000000000003,2.779,2.8080000000000003,2.7760000000000002,-0.32%,2.002
2016/6/17,2.798,2.7689999999999997,2.798,2.766,-0.36%,2.005
2016/6/20,2.76,2.7710000000000004,2.78,2.76,0.07%,2.01
2016/6/21,2.785,2.7769999999999997,2.785,2.772,0.22%,2.019
2016/6/22,2.793,2.781,2.793,2.767,0.14%,2.027
2016/6/23,2.7769999999999997,2.759,2.793,2.758,-0.79%,2.032
2016/6/24,2.778,2.7569999999999997,2.778,2.748,-0.07%,2.035
2016/6/27,2.72,2.715,2.72,2.64,-1.52%,2.038
2016/6/28,2.71,2.6889999999999996,2.72,2.68,-0.96%,2.04
2016/6/29,2.69,2.7,2.7,2.69,0.41%,2.038
2016/6/30,2.705,2.7,2.705,2.688,0.00%,2.037
2016/7/1,2.698,2.687,2.72,2.678,-0.48%,2.027
2016/7/3,2.66,2.66,2.66,2.66,-1.00%,2.027
2016/7/4,2.66,2.6710000000000003,2.68,2.655,0.41%,2.014
2016/7/5,2.68,2.69,2.693,2.68,0.71%,2.007
2016/7/6,2.699,2.688,2.7,2.687,-0.07%,1.999
2016/7/7,2.6839999999999997,2.667,2.713,2.657,-0.78%,1.997
2016/7/8,2.661,2.6519999999999997,2.673,2.6460000000000004,-0.56%,1.996
2016/7/10,2.65,2.65,2.65,2.65,-0.08%,1.996
2016/7/11,2.65,2.6630000000000003,2.675,2.65,0.49%,1.996
2016/7/12,2.69,2.673,2.69,2.6719999999999997,0.38%,1.994
2016/7/13,2.69,2.694,2.696,2.6830000000000003,0.79%,1.993
2016/7/14,2.7,2.701,2.7039999999999997,2.698,0.26%,1.993
2016/7/15,2.705,2.694,2.7230000000000003,2.6889999999999996,-0.26%,1.996
2016/7/18,2.705,2.6919999999999997,2.7230000000000003,2.675,-0.07%,1.996
2016/7/19,2.6889999999999996,2.685,2.697,2.679,-0.26%,2.003
2016/7/20,2.6839999999999997,2.668,2.693,2.667,-0.63%,2.005
2016/7/21,2.685,2.63,2.685,2.628,-1.42%,2.008
2016/7/22,2.628,2.62,2.638,2.6189999999999998,-0.38%,2.023
2016/7/25,2.65,2.6189999999999998,2.65,2.6180000000000003,-0.04%,2.032
2016/7/26,2.6180000000000003,2.608,2.625,2.608,-0.42%,2.037
2016/7/27,2.627,2.6319999999999997,2.6319999999999997,2.613,0.92%,2.038
2016/7/28,2.65,2.613,2.65,2.613,-0.72%,2.028
2016/7/29,2.64,2.6060000000000003,2.64,2.602,-0.27%,2.017
2016/8/1,2.6,2.6060000000000003,2.64,2.6,0.00%,2.012
2016/8/2,2.6069999999999998,2.5989999999999998,2.617,2.5989999999999998,-0.27%,2.008
2016/8/3,2.6039999999999996,2.605,2.617,2.5980000000000003,0.23%,2.004
2016/8/4,2.605,2.6039999999999996,2.613,2.595,-0.04%,2.002
2016/8/5,2.623,2.597,2.623,2.597,-0.27%,2.002
2016/8/6,2.597,2.597,2.597,2.597,0.00%,2.002
2016/8/8,2.57,2.58,2.585,2.568,-0.65%,2.005
2016/8/9,2.597,2.5810000000000004,2.597,2.575,0.04%,2.01
2016/8/10,2.617,2.56,2.617,2.542,-0.81%,2.017
2016/8/11,2.563,2.5340000000000003,2.563,2.533,-1.02%,2.021
2016/8/12,2.5380000000000003,2.523,2.553,2.523,-0.43%,2.021
2016/8/13,2.523,2.523,2.523,2.523,0.00%,2.021
2016/8/14,2.523,2.523,2.523,2.523,0.00%,2.021
2016/8/15,2.5380000000000003,2.516,2.553,2.455,-0.28%,2.0233
2016/8/16,2.512,2.508,2.5180000000000002,2.5,-0.32%,2.022
2016/8/17,2.512,2.52,2.523,2.5069999999999997,0.48%,2.022
2016/8/18,2.522,2.517,2.528,2.513,-0.12%,2.023
2016/8/19,2.525,2.5340000000000003,2.5380000000000003,2.522,0.68%,2.023
2016/8/22,2.59,2.54,2.59,2.53,0.24%,2.0233
2016/8/23,2.553,2.555,2.555,2.54,0.59%,2.033
2016/8/24,2.573,2.577,2.583,2.56,0.86%,2.043
2016/8/25,2.6,2.588,2.6,2.56,0.43%,2.044
2016/8/26,2.6010000000000004,2.583,2.6010000000000004,2.583,-0.19%,2.044
2016/8/29,2.6,2.583,2.6,2.5669999999999997,0.00%,2.049
2016/8/30,2.59,2.588,2.59,2.58,0.19%,2.063
2016/8/31,2.6,2.594,2.603,2.594,0.23%,2.065
2016/9/1,2.6,2.593,2.6,2.593,-0.04%,2.066
2016/9/2,2.597,2.5860000000000003,2.597,2.573,-0.27%,2.066
2016/9/5,2.6,2.593,2.6,2.585,0.27%,2.07
2016/9/6,2.59,2.594,2.595,2.565,0.04%,2.077
2016/9/7,2.593,2.593,2.593,2.585,-0.04%,2.0803
2016/9/8,2.582,2.593,2.593,2.58,0.00%,2.081
2016/9/9,2.59,2.588,2.593,2.58,-0.19%,2.085
2016/9/12,2.5580000000000003,2.582,2.583,2.497,-0.23%,2.095
2016/9/13,2.583,2.589,2.594,2.583,0.27%,2.108
2016/9/14,2.585,2.5810000000000004,2.593,2.5810000000000004,-0.31%,2.128
2016/9/15,2.58,2.582,2.582,2.58,0.04%,2.128
2016/9/16,2.559,2.5610000000000004,2.5610000000000004,2.432,-0.81%,2.128
2016/9/17,2.5610000000000004,2.5610000000000004,2.5610000000000004,2.5610000000000004,0.00%,2.128
2016/9/18,2.595,2.595,2.595,2.595,1.33%,2.14
2016/9/19,2.597,2.588,2.597,2.585,-0.27%,2.154
2016/9/20,2.597,2.576,2.597,2.573,-0.46%,2.159
2016/9/21,2.585,2.5789999999999997,2.585,2.572,0.12%,2.167
2016/9/22,2.5869999999999997,2.574,2.5869999999999997,2.574,-0.19%,2.168
2016/9/23,2.582,2.568,2.582,2.557,-0.23%,2.1668
2016/9/24,2.568,2.568,2.568,2.568,0.00%,2.1668
2016/9/25,2.568,2.568,2.568,2.568,0.00%,2.1668
2016/9/26,2.58,2.559,2.58,2.55,-0.35%,2.164
2016/9/27,2.58,2.5610000000000004,2.58,2.5610000000000004,0.08%,2.166
2016/9/28,2.575,2.563,2.575,2.5580000000000003,0.08%,2.178
2016/9/29,2.577,2.57,2.577,2.5669999999999997,0.27%,2.188
2016/9/30,2.575,2.565,2.575,2.565,-0.19%,2.327
2016/10/8,2.552,2.552,2.552,2.552,-0.51%,2.193
2016/10/9,2.542,2.542,2.542,2.542,-0.39%,2.175
2016/10/10,2.568,2.535,2.568,2.53,-0.28%,2.162
2016/10/11,2.545,2.532,2.545,2.532,-0.12%,2.153
2016/10/12,2.5580000000000003,2.53,2.5580000000000003,2.53,-0.08%,2.15
2016/10/13,2.5469999999999997,2.528,2.5469999999999997,2.528,-0.08%,2.151
2016/10/14,2.55,2.52,2.55,2.52,-0.32%,2.153
2016/10/15,2.52,2.52,2.52,2.52,0.00%,2.153
2016/10/17,2.56,2.484,2.56,2.484,-1.43%,2.159
2016/10/18,2.503,2.478,2.503,2.478,-0.24%,2.173
2016/10/19,2.503,2.467,2.503,2.467,-0.44%,2.196
2016/10/20,2.4730000000000003,2.438,2.49,2.438,-1.18%,2.208
2016/10/21,2.45,2.42,2.45,2.385,-0.74%,2.222
2016/10/24,2.49,2.427,2.49,2.415,0.29%,2.231
2016/10/25,2.457,2.4330000000000003,2.457,2.428,0.25%,2.238
2016/10/26,2.467,2.445,2.467,2.443,0.49%,2.248
2016/10/27,2.45,2.476,2.48,2.45,1.27%,2.254
2016/10/28,2.483,2.467,2.483,2.467,-0.36%,2.254
2016/10/30,2.471,2.41,2.471,2.41,-2.31%,2.254
2016/10/31,2.48,2.48,2.49,2.472,2.90%,2.253
2016/11/1,2.49,2.484,2.49,2.48,0.16%,2.252
2016/11/2,2.49,2.49,2.498,2.49,0.24%,2.2492
2016/11/3,2.497,2.479,2.497,2.479,-0.44%,2.245
2016/11/4,2.4819999999999998,2.48,2.49,2.476,0.04%,2.232
2016/11/7,2.5,2.492,2.5,2.48,0.48%,2.206
2016/11/8,2.502,2.508,2.508,2.49,0.64%,2.187
2016/11/9,2.54,2.508,2.54,2.5069999999999997,0.00%,2.182
2016/11/10,2.52,2.5340000000000003,2.5340000000000003,2.52,1.04%,2.196
2016/11/11,2.546,2.536,2.546,2.5269999999999997,0.08%,2.211
2016/11/14,2.57,2.574,2.59,2.56,1.50%,2.231
2016/11/15,2.57,2.61,2.62,2.57,1.40%,2.247
2016/11/16,2.613,2.6189999999999998,2.6189999999999998,2.61,0.34%,2.257
2016/11/17,2.625,2.6430000000000002,2.6430000000000002,2.625,0.92%,2.259
2016/11/18,2.6430000000000002,2.681,2.688,2.6430000000000002,1.44%,2.265
2016/11/21,2.7,2.6830000000000003,2.7,2.67,0.07%,2.271
2016/11/22,2.69,2.6860000000000004,2.695,2.6860000000000004,0.11%,2.273
2016/11/23,2.657,2.674,2.685,2.655,-0.45%,2.277
2016/11/24,2.677,2.661,2.677,2.656,-0.49%,2.282
2016/11/25,2.6630000000000003,2.668,2.677,2.6630000000000003,0.26%,2.289
2016/11/28,2.67,2.661,2.67,2.656,-0.26%,2.298
2016/11/29,2.6630000000000003,2.71,2.71,2.66,1.84%,2.302
2016/11/30,2.69,2.765,2.765,2.69,2.03%,2.316
2016/12/1,2.772,2.772,2.7769999999999997,2.747,0.25%,2.325
2016/12/2,2.75,2.806,2.812,2.75,1.23%,2.32
2016/12/5,2.7,2.827,2.85,2.7,0.75%,2.308
2016/12/6,2.79,2.86,2.86,2.79,1.17%,2.299
2016/12/7,2.887,2.907,2.91,2.887,1.64%,2.292
2016/12/8,2.887,2.883,2.89,2.883,-0.83%,2.2908
2016/12/9,2.883,2.877,2.883,2.877,-0.21%,2.2925
2016/12/12,2.85,2.89,2.89,2.85,0.45%,2.292
2016/12/13,2.905,2.932,2.937,2.905,1.45%,2.296
2016/12/14,2.95,2.947,2.96,2.943,0.51%,2.3
2016/12/15,2.963,2.972,2.972,2.957,0.85%,2.311
2016/12/16,3.037,3.1069999999999998,3.122,3.03,4.54%,2.33
2016/12/19,3.05,3.095,3.1,3.05,-0.39%,2.335
2016/12/20,3.11,3.187,3.187,3.11,2.97%,2.345
2016/12/21,3.207,3.207,3.222,3.2,0.63%,2.345
2016/12/22,3.188,3.14,3.188,3.14,-2.09%,2.341
2016/12/23,3.127,3.093,3.127,3.093,-1.50%,2.323
2016/12/26,3.02,3.017,3.04,3.0060000000000002,-2.46%,2.294
2016/12/27,3.04,2.977,3.04,2.972,-1.33%,2.264
2016/12/28,2.987,2.9619999999999997,3.002,2.9619999999999997,-0.50%,2.246
2016/12/29,2.967,2.9419999999999997,2.967,2.9419999999999997,-0.68%,2.227
2016/12/30,2.924,2.883,2.924,2.883,-2.01%,2.23
2017/1/3,2.9,2.8989999999999996,2.9,2.8819999999999997,0.55%,2.209
2017/1/4,2.9189999999999996,2.927,2.932,2.917,0.97%,2.172
2017/1/5,2.957,2.969,2.986,2.947,1.43%,2.13
2017/1/6,2.991,2.9739999999999998,2.991,2.958,0.17%,2.112
2017/1/9,2.96,2.975,3.005,2.96,0.03%,2.094
2017/1/10,2.96,2.958,2.96,2.945,-0.57%,2.096
2017/1/11,2.96,2.9560000000000004,2.963,2.946,-0.07%,2.104
2017/1/12,2.972,2.97,2.98,2.963,0.47%,2.103
2017/1/13,2.9819999999999998,2.975,2.9819999999999998,2.968,0.17%,2.104
2017/1/16,2.96,2.984,2.984,2.955,0.30%,2.142
2017/1/17,2.9960000000000004,2.99,3.015,2.99,0.20%,2.2563
2017/1/18,2.9930000000000003,2.9930000000000003,3.0,2.99,0.10%,2.328
2017/1/19,3.011,2.989,3.011,2.988,-0.13%,2.364
2017/1/20,3.011,2.9930000000000003,3.013,2.9930000000000003,0.13%,2.376
2017/1/22,2.98,2.98,2.98,2.98,-0.43%,2.189
2017/1/23,2.99,2.977,2.99,2.977,-0.10%,2.175
2017/1/24,2.977,2.97,2.977,2.963,-0.24%,2.164
2017/1/25,3.01,2.9930000000000003,3.01,2.987,0.77%,2.165
2017/1/26,3.025,3.037,3.037,3.025,1.47%,2.5293
2017/1/27,3.037,3.037,3.037,3.037,0.00%,2.5293
2017/2/3,3.0,3.043,3.056,3.0,0.20%,2.218
2017/2/4,3.077,3.077,3.077,3.077,1.12%,2.2571
2017/2/6,3.1239999999999997,3.1180000000000003,3.1239999999999997,3.092,1.33%,2.278
2017/2/7,3.1210000000000004,3.113,3.1210000000000004,3.113,-0.16%,2.281
2017/2/8,3.1180000000000003,3.113,3.1180000000000003,3.113,0.00%,2.2765
2017/2/9,3.111,3.11,3.1189999999999998,3.11,-0.10%,2.272
2017/2/10,3.1180000000000003,3.0869999999999997,3.1180000000000003,3.0869999999999997,-0.74%,2.2678
2017/2/13,3.1,3.074,3.1,3.07,-0.42%,2.264
2017/2/14,3.089,3.053,3.089,3.053,-0.68%,2.261
2017/2/15,3.063,3.0669999999999997,3.073,3.062,0.46%,2.2658
2017/2/16,3.08,3.073,3.082,3.073,0.20%,2.333
2017/2/17,3.0780000000000003,3.07,3.0780000000000003,3.07,-0.10%,2.36
2017/2/20,3.04,3.033,3.053,3.028,-1.21%,2.4086
2017/2/21,3.014,3.0039999999999996,3.014,3.0039999999999996,-0.96%,2.483
2017/2/22,3.02,3.01,3.02,3.003,0.20%,2.4845
2017/2/23,3.005,3.0069999999999997,3.036,2.998,-0.10%,2.5271
2017/2/24,2.9960000000000004,3.013,3.013,2.995,0.20%,2.4756
2017/2/27,3.037,3.003,3.037,2.9930000000000003,-0.33%,2.4338
2017/2/28,3.002,3.0,3.002,2.98,-0.10%,2.493
2017/3/1,2.9789999999999996,2.963,2.9789999999999996,2.96,-1.23%,2.4943
2017/3/2,2.983,2.9589999999999996,2.998,2.9539999999999997,-0.13%,2.4611
2017/3/3,3.013,3.0039999999999996,3.017,3.002,1.52%,2.369
2017/3/6,3.014,3.0010000000000003,3.014,2.997,-0.10%,2.4033
2017/3/7,3.005,3.008,3.008,3.0,0.23%,2.4041
2017/3/8,3.011,3.012,3.022,2.9989999999999997,0.13%,2.4061
2017/3/9,3.012,2.9930000000000003,3.012,2.9930000000000003,-0.63%,2.4076
2017/3/10,3.0039999999999996,3.017,3.017,3.0039999999999996,0.80%,2.4019
2017/3/13,3.0789999999999997,3.065,3.0789999999999997,3.052,1.59%,2.379
2017/3/14,3.053,3.0410000000000004,3.053,3.036,-0.78%,2.3761
2017/3/15,3.05,3.0580000000000003,3.0580000000000003,3.0469999999999997,0.56%,2.3869
2017/3/16,3.057,3.04,3.057,3.034,-0.59%,2.441
2017/3/17,3.03,3.0460000000000003,3.0460000000000003,3.025,0.20%,2.633
2017/3/18,3.0460000000000003,3.0460000000000003,3.0460000000000003,3.0460000000000003,0.00%,2.633
2017/3/20,3.0580000000000003,3.0439999999999996,3.0580000000000003,3.0439999999999996,-0.07%,2.6325
2017/3/21,3.0460000000000003,3.056,3.056,3.0460000000000003,0.39%,2.6477
2017/3/22,3.068,3.075,3.0780000000000003,3.068,0.62%,2.6507
2017/3/23,3.082,3.0810000000000004,3.082,3.075,0.20%,2.657
2017/3/24,3.1039999999999996,3.0989999999999998,3.1039999999999996,3.0989999999999998,0.58%,2.604
2017/3/26,3.0989999999999998,3.0989999999999998,3.0989999999999998,3.0989999999999998,0.00%,2.604
2017/3/27,3.05,3.0639999999999996,3.065,3.05,-1.13%,2.482
2017/3/28,3.055,3.0389999999999997,3.055,3.0380000000000003,-0.82%,2.448
2017/3/29,3.076,3.069,3.076,3.048,0.99%,2.521
2017/3/30,3.065,3.089,3.092,3.065,0.65%,2.507
2017/3/31,3.092,3.085,3.093,3.085,-0.13%,2.5384
2017/4/1,3.095,3.095,3.095,3.095,0.32%,2.497
2017/4/3,3.095,3.095,3.095,3.095,0.00%,2.497
2017/4/5,3.15,3.1189999999999998,3.15,3.1189999999999998,0.78%,2.4868
2017/4/6,3.1239999999999997,3.1310000000000002,3.1310000000000002,3.11,0.38%,2.537
2017/4/7,3.1310000000000002,3.123,3.1310000000000002,3.116,-0.26%,2.4957
2017/4/10,3.18,3.1310000000000002,3.18,3.11,0.26%,2.442
2017/4/11,3.136,3.14,3.14,3.128,0.29%,2.408
2017/4/12,3.15,3.159,3.161,3.135,0.61%,2.3885
2017/4/13,3.154,3.181,3.181,3.1460000000000004,0.70%,2.413
2017/4/14,3.173,3.187,3.187,3.173,0.19%,2.429
2017/4/17,3.22,3.2110000000000003,3.23,3.1889999999999996,0.75%,2.444
2017/4/18,3.2239999999999998,3.262,3.275,3.2239999999999998,1.59%,2.486
2017/4/19,3.272,3.286,3.286,3.263,0.74%,2.575
2017/4/20,3.282,3.287,3.2969999999999997,3.282,0.03%,2.5987
2017/4/21,3.285,3.2969999999999997,3.298,3.273,0.30%,2.6163
2017/4/22,3.2969999999999997,3.2969999999999997,3.2969999999999997,3.2969999999999997,0.00%,2.6163
2017/4/24,3.35,3.34,3.35,3.338,1.30%,2.7157
2017/4/25,3.34,3.3819999999999997,3.3819999999999997,3.332,1.26%,2.7514
2017/4/26,3.36,3.3480000000000003,3.36,3.347,-1.01%,2.759
2017/4/27,3.347,3.3289999999999997,3.35,3.3289999999999997,-0.57%,2.792
2017/4/28,3.323,3.347,3.352,3.323,0.54%,2.819
2017/5/2,3.35,3.362,3.364,3.34,0.45%,2.8175
2017/5/3,3.3539999999999996,3.385,3.4,3.3539999999999996,0.68%,2.8451
2017/5/4,3.3930000000000002,3.435,3.4530000000000003,3.385,1.48%,2.8506
2017/5/5,3.448,3.483,3.492,3.448,1.40%,2.8348
2017/5/7,3.483,3.483,3.483,3.483,0.00%,2.8348
2017/5/8,3.523,3.5180000000000002,3.523,3.486,1.00%,2.818
2017/5/9,3.528,3.576,3.576,3.528,1.65%,2.8199
2017/5/10,3.58,3.616,3.62,3.568,1.12%,2.827
2017/5/11,3.597,3.698,3.713,3.597,2.27%,2.813
2017/5/12,3.698,3.661,3.698,3.661,-1.00%,2.7911
2017/5/15,3.7,3.682,3.7,3.682,0.57%,2.716
2017/5/16,3.685,3.665,3.685,3.657,-0.46%,2.746
2017/5/17,3.665,3.679,3.679,3.665,0.38%,2.7525
2017/5/18,3.6830000000000003,3.708,3.708,3.6830000000000003,0.79%,2.7641
2017/5/19,3.7,3.6889999999999996,3.7,3.688,-0.51%,2.715
2017/5/22,3.71,3.725,3.73,3.7,0.98%,2.6745
2017/5/23,3.734,3.734,3.7489999999999997,3.718,0.24%,2.654
2017/5/24,3.737,3.7239999999999998,3.737,3.717,-0.27%,2.623
2017/5/25,3.727,3.687,3.727,3.677,-0.99%,2.611
2017/5/26,3.7119999999999997,3.68,3.7119999999999997,3.676,-0.19%,2.609
2017/5/27,3.673,3.673,3.673,3.673,-0.19%,2.601
2017/5/31,3.68,3.653,3.68,3.6430000000000002,-0.54%,2.6365
2017/6/1,3.677,3.5980000000000003,3.677,3.595,-1.51%,2.6525
2017/6/2,3.5989999999999998,3.5989999999999998,3.603,3.5869999999999997,0.03%,2.7953
2017/6/5,3.65,3.591,3.65,3.577,-0.22%,2.8167
2017/6/6,3.583,3.59,3.6,3.583,-0.03%,2.8419
2017/6/7,3.617,3.623,3.63,3.597,0.92%,2.809
2017/6/8,3.613,3.628,3.634,3.613,0.14%,2.8199
2017/6/9,3.635,3.658,3.665,3.6239999999999997,0.83%,2.8275
2017/6/12,3.6,3.63,3.63,3.593,-0.77%,2.8302
2017/6/13,3.623,3.588,3.623,3.569,-1.16%,2.832
2017/6/14,3.583,3.583,3.595,3.571,-0.14%,2.825
2017/6/15,3.594,3.568,3.594,3.545,-0.42%,2.8317
2017/6/16,3.563,3.573,3.5839999999999996,3.563,0.14%,2.8528
2017/6/19,3.6,3.563,3.6,3.55,-0.28%,2.8635
2017/6/20,3.551,3.4930000000000003,3.551,3.489,-1.96%,2.8776
2017/6/21,3.5189999999999997,3.5039999999999996,3.5189999999999997,3.475,0.31%,2.889
2017/6/22,3.5189999999999997,3.557,3.557,3.5189999999999997,1.51%,2.869
2017/6/23,3.56,3.563,3.5639999999999996,3.525,0.17%,2.81
2017/6/25,3.563,3.563,3.563,3.563,0.00%,2.81
2017/6/26,3.6,3.5239999999999996,3.6,3.5069999999999997,-1.09%,2.717
2017/6/27,3.5239999999999996,3.4939999999999998,3.5239999999999996,3.492,-0.85%,2.626
2017/6/28,3.509,3.488,3.509,3.478,-0.17%,2.5596
2017/6/29,3.483,3.489,3.495,3.478,0.03%,2.539
2017/6/30,3.49,3.502,3.5069999999999997,3.49,0.37%,2.618
2017/7/1,3.502,3.502,3.502,3.502,0.00%,2.618
2017/7/2,3.502,3.502,3.502,3.502,0.00%,2.618
2017/7/3,3.51,3.5239999999999996,3.5239999999999996,3.489,0.63%,2.72
2017/7/4,3.535,3.551,3.557,3.535,0.77%,2.6897
2017/7/5,3.555,3.5410000000000004,3.555,3.535,-0.28%,2.583
2017/7/6,3.551,3.5239999999999996,3.551,3.512,-0.48%,2.5473
2017/7/7,3.542,3.5060000000000002,3.542,3.5010000000000003,-0.51%,2.533
2017/7/10,3.52,3.514,3.52,3.495,0.23%,2.549
2017/7/11,3.517,3.5189999999999997,3.5239999999999996,3.511,0.14%,2.621
2017/7/12,3.5239999999999996,3.5269999999999997,3.53,3.5069999999999997,0.23%,2.646
2017/7/13,3.533,3.5269999999999997,3.533,3.51,0.00%,2.659
2017/7/14,3.523,3.5269999999999997,3.533,3.523,0.00%,2.627
2017/7/16,3.5269999999999997,3.5269999999999997,3.5269999999999997,3.5269999999999997,0.00%,2.627
2017/7/17,3.55,3.5260000000000002,3.55,3.502,-0.03%,2.6329
2017/7/18,3.534,3.536,3.543,3.53,0.28%,2.701
2017/7/19,3.545,3.5669999999999997,3.568,3.545,0.88%,2.722
2017/7/20,3.577,3.5639999999999996,3.577,3.553,-0.08%,2.7534
2017/7/21,3.562,3.5610000000000004,3.572,3.5460000000000003,-0.08%,2.733
2017/7/24,3.56,3.556,3.56,3.543,-0.14%,2.708
2017/7/25,3.55,3.562,3.562,3.548,0.17%,2.7147
2017/7/26,3.569,3.5780000000000003,3.58,3.569,0.45%,2.725
2017/7/27,3.588,3.594,3.5980000000000003,3.576,0.45%,2.786
2017/7/28,3.5989999999999998,3.593,3.602,3.588,-0.03%,2.8152
2017/7/29,3.593,3.593,3.593,3.593,0.00%,2.8152
2017/7/31,3.57,3.574,3.576,3.55,-0.53%,2.806
2017/8/1,3.595,3.592,3.5980000000000003,3.575,0.50%,2.8093
2017/8/2,3.588,3.593,3.603,3.588,0.03%,2.832
2017/8/3,3.6189999999999998,3.589,3.6189999999999998,3.574,-0.11%,2.807
2017/8/4,3.609,3.583,3.609,3.576,-0.17%,2.721
2017/8/6,3.583,3.583,3.583,3.583,0.00%,2.721
2017/8/7,3.59,3.6,3.6,3.573,0.47%,2.736
2017/8/8,3.612,3.623,3.623,3.605,0.64%,2.784
2017/8/9,3.625,3.642,3.642,3.6180000000000003,0.52%,2.8018
2017/8/10,3.647,3.645,3.656,3.633,0.08%,2.797
2017/8/11,3.653,3.603,3.653,3.602,-1.15%,2.79
2017/8/14,3.65,3.595,3.65,3.589,-0.22%,2.7743
2017/8/15,3.61,3.59,3.61,3.5589999999999997,-0.14%,2.798
2017/8/16,3.609,3.588,3.609,3.583,-0.06%,2.8213
2017/8/17,3.634,3.582,3.634,3.582,-0.17%,2.8352
2017/8/18,3.603,3.5980000000000003,3.603,3.575,0.45%,2.8355
2017/8/21,3.65,3.603,3.65,3.6,0.14%,2.8482
2017/8/22,3.6319999999999997,3.616,3.6319999999999997,3.603,0.36%,2.8171
2017/8/23,3.622,3.616,3.638,3.583,0.00%,2.8453
2017/8/24,3.639,3.608,3.639,3.6060000000000003,-0.22%,2.8479
2017/8/25,3.6319999999999997,3.617,3.6319999999999997,3.61,0.25%,2.855
2017/8/28,3.65,3.6519999999999997,3.6519999999999997,3.62,0.97%,2.851
2017/8/29,3.656,3.6460000000000004,3.656,3.6319999999999997,-0.16%,2.922
2017/8/30,3.6860000000000004,3.637,3.6860000000000004,3.637,-0.25%,2.9237
2017/8/31,3.66,3.635,3.66,3.6319999999999997,-0.05%,2.831
2017/9/1,3.641,3.634,3.648,3.633,-0.03%,2.813
2017/9/4,3.64,3.6319999999999997,3.64,3.623,-0.06%,2.75
2017/9/5,3.665,3.6489999999999996,3.665,3.633,0.47%,2.665
2017/9/6,3.6630000000000003,3.641,3.6630000000000003,3.641,-0.22%,2.641
2017/9/7,3.6519999999999997,3.623,3.656,3.623,-0.49%,2.6406
2017/9/8,3.623,3.6010000000000004,3.63,3.6010000000000004,-0.61%,2.636
2017/9/11,3.625,3.597,3.625,3.592,-0.11%,2.644
2017/9/12,3.6180000000000003,3.595,3.6180000000000003,3.595,-0.06%,2.6483
2017/9/13,3.6069999999999998,3.617,3.6210000000000004,3.605,0.61%,2.65
2017/9/14,3.6180000000000003,3.623,3.625,3.5989999999999998,0.17%,2.681
2017/9/15,3.6319999999999997,3.6039999999999996,3.6319999999999997,3.597,-0.52%,2.6958
2017/9/18,3.61,3.6260000000000003,3.6310000000000002,3.61,0.61%,2.756
2017/9/19,3.6210000000000004,3.642,3.642,3.615,0.44%,2.832
2017/9/20,3.648,3.6319999999999997,3.648,3.625,-0.27%,2.79
2017/9/21,3.636,3.642,3.648,3.6239999999999997,0.28%,2.8057
2017/9/22,3.6430000000000002,3.628,3.648,3.6260000000000003,-0.38%,2.756
2017/9/23,3.639,3.615,3.639,3.615,-0.36%,2.756
2017/9/25,3.615,3.634,3.634,3.5980000000000003,0.53%,2.758
2017/9/26,3.617,3.62,3.63,3.61,-0.39%,2.837
2017/9/27,3.625,3.622,3.625,3.6180000000000003,0.06%,2.863
2017/9/28,3.6430000000000002,3.615,3.6430000000000002,3.61,-0.19%,2.917
2017/9/29,3.645,3.617,3.645,3.613,0.06%,2.804
2017/9/30,3.63,3.63,3.63,3.63,0.36%,2.938
2017/10/3,3.63,3.63,3.63,3.63,0.00%,2.938
2017/10/9,3.64,3.645,3.645,3.627,0.41%,2.74
2017/10/10,3.64,3.659,3.659,3.638,0.38%,2.738
2017/10/11,3.66,3.657,3.66,3.6510000000000002,-0.05%,2.741
2017/10/12,3.6710000000000003,3.673,3.673,3.653,0.44%,2.657
2017/10/13,3.67,3.677,3.68,3.665,0.11%,2.605
2017/10/16,3.75,3.71,3.75,3.7,0.90%,2.594
2017/10/17,3.717,3.76,3.77,3.717,1.35%,2.6003
2017/10/18,3.767,3.77,3.786,3.763,0.27%,2.596
2017/10/19,3.78,3.755,3.78,3.747,-0.40%,2.592
2017/10/20,3.783,3.7430000000000003,3.783,3.738,-0.32%,2.5782
2017/10/22,3.7430000000000003,3.7430000000000003,3.7430000000000003,3.7430000000000003,0.00%,2.5782
2017/10/23,3.78,3.745,3.78,3.7439999999999998,0.05%,2.616
2017/10/24,3.775,3.747,3.775,3.745,0.05%,2.634
2017/10/25,3.77,3.782,3.786,3.76,0.93%,2.664
2017/10/26,3.8160000000000003,3.839,3.846,3.7960000000000003,1.51%,2.6937
2017/10/27,3.86,3.852,3.86,3.832,0.34%,2.7181
2017/10/29,3.852,3.852,3.852,3.852,0.00%,2.7181
2017/10/30,3.925,3.9410000000000003,3.96,3.9,2.31%,2.72
2017/10/31,3.945,3.963,3.969,3.9130000000000003,0.56%,2.736
2017/11/1,3.9739999999999998,3.92,3.9739999999999998,3.92,-1.09%,2.739
2017/11/2,3.969,3.932,3.969,3.9189999999999996,0.31%,2.626
2017/11/3,3.952,3.9539999999999997,3.958,3.9219999999999997,0.56%,2.5772
2017/11/6,4.0,3.938,4.0,3.938,-0.40%,2.512
2017/11/7,3.95,3.968,3.98,3.935,0.76%,2.552
2017/11/8,4.0,3.963,4.0,3.94,-0.13%,2.595
2017/11/9,3.95,3.9389999999999996,3.95,3.929,-0.61%,2.646
2017/11/10,3.99,3.965,3.99,3.95,0.66%,2.717
2017/11/11,3.965,3.908,3.965,3.908,-1.44%,2.717
2017/11/12,3.905,3.905,3.905,3.905,-0.08%,2.717
2017/11/13,3.92,3.94,3.967,3.92,0.90%,2.787
2017/11/14,3.93,3.935,3.98,3.925,-0.13%,2.827
2017/11/15,3.935,3.946,3.977,3.92,0.28%,2.806
2017/11/16,3.946,3.917,3.975,3.887,-0.73%,2.8
2017/11/17,3.917,3.8989999999999996,3.927,3.8939999999999997,-0.46%,2.738
2017/11/18,3.8989999999999996,3.873,3.8989999999999996,3.873,-0.67%,2.738
2017/11/19,3.87,3.87,3.87,3.87,-0.08%,2.738
2017/11/20,3.87,3.903,3.915,3.865,0.85%,2.786
2017/11/21,3.9219999999999997,3.887,3.928,3.88,-0.41%,2.808
2017/11/22,3.892,3.92,3.928,3.888,0.85%,2.809
2017/11/23,3.92,3.925,3.948,3.9,0.13%,2.803
2017/11/24,3.927,3.897,3.927,3.897,-0.71%,2.797
2017/11/27,3.95,3.907,3.95,3.89,0.26%,2.819
2017/11/28,3.903,3.905,3.915,3.89,-0.05%,2.799
2017/11/29,3.91,3.904,3.917,3.8819999999999997,-0.03%,2.683
2017/11/30,3.92,3.8760000000000003,3.92,3.873,-0.72%,2.788
2017/12/1,3.9410000000000003,3.888,3.9410000000000003,3.85,0.31%,2.642
2017/12/2,3.888,3.888,3.888,3.888,0.00%,2.642
2017/12/3,3.85,3.85,3.85,3.85,-0.98%,2.642
2017/12/4,3.9,3.833,3.9,3.818,-0.44%,2.6
2017/12/5,3.8810000000000002,3.8280000000000003,3.8810000000000002,3.8280000000000003,-0.13%,2.579
2017/12/6,3.827,3.82,3.844,3.813,-0.21%,2.573
2017/12/7,3.887,3.833,3.887,3.818,0.34%,2.585
2017/12/8,3.86,3.85,3.86,3.833,0.44%,2.608
2017/12/11,3.95,3.88,3.95,3.875,0.78%,2.688
2017/12/12,3.905,3.9589999999999996,3.9610000000000003,3.898,2.04%,2.726
2017/12/13,3.967,3.952,3.967,3.952,-0.18%,2.788
2017/12/14,3.952,3.8930000000000002,3.952,3.8930000000000002,-1.49%,2.803
2017/12/15,3.95,3.89,3.95,3.873,-0.08%,2.724
2017/12/16,3.89,3.89,3.89,3.89,0.00%,2.724
2017/12/18,3.95,3.85,3.95,3.841,-1.03%,2.723
2017/12/19,3.8810000000000002,3.835,3.8810000000000002,3.835,-0.39%,2.741
2017/12/20,3.895,3.85,3.895,3.842,0.39%,2.73
2017/12/21,3.875,3.8689999999999998,3.875,3.8539999999999996,0.49%,2.665
2017/12/22,3.898,3.865,3.898,3.853,-0.10%,2.612
2017/12/25,3.9,3.8510000000000004,3.9,3.825,-0.36%,2.569
2017/12/26,3.873,3.847,3.873,3.845,-0.10%,2.589
2017/12/27,3.847,3.863,3.863,3.847,0.42%,2.666
2017/12/28,3.863,3.87,3.873,3.86,0.18%,2.672
2017/12/29,3.87,3.86,3.875,3.86,-0.26%,2.84
2018/1/2,3.9,3.863,3.9,3.845,0.08%,2.657
2018/1/3,3.872,3.877,3.877,3.858,0.36%,2.5635
2018/1/4,3.878,3.887,3.89,3.878,0.26%,2.505
2018/1/5,3.89,3.865,3.89,3.858,-0.57%,2.484
2018/1/8,3.88,3.8369999999999997,3.92,3.823,-0.72%,2.461
2018/1/9,3.865,3.826,3.865,3.824,-0.29%,2.529
2018/1/10,3.859,3.847,3.859,3.825,0.55%,2.643
2018/1/11,3.889,3.867,3.89,3.853,0.52%,2.832
2018/1/12,3.87,3.8760000000000003,3.887,3.865,0.23%,2.83
2018/1/15,3.88,3.887,3.8930000000000002,3.855,0.28%,2.794
2018/1/16,3.895,3.883,3.895,3.878,-0.10%,2.785
2018/1/17,3.888,3.895,3.898,3.885,0.31%,2.765
2018/1/18,3.923,3.929,3.929,3.91,0.87%,2.7655
2018/1/19,3.929,3.93,3.9360000000000004,3.923,0.03%,2.836
2018/1/22,3.95,3.92,3.95,3.912,-0.25%,2.771
2018/1/23,3.9219999999999997,3.883,3.9219999999999997,3.878,-0.94%,2.602
2018/1/24,3.9019999999999997,3.8710000000000004,3.9019999999999997,3.859,-0.31%,2.574
2018/1/25,3.884,3.867,3.884,3.858,-0.10%,2.5634
2018/1/26,3.906,3.847,3.906,3.8310000000000004,-0.52%,2.5506
2018/1/29,3.89,3.852,3.89,3.838,0.13%,2.566
2018/1/30,3.8810000000000002,3.8480000000000003,3.8810000000000002,3.844,-0.10%,2.554
2018/1/31,3.86,3.845,3.866,3.845,-0.08%,2.594
2018/2/1,3.888,3.841,3.888,3.82,-0.10%,2.5154
2018/2/2,3.855,3.84,3.8560000000000003,3.839,-0.03%,2.5173
2018/2/5,3.9,3.865,3.9,3.838,0.65%,2.5305
2018/2/6,3.895,3.8510000000000004,3.895,3.84,-0.36%,2.539
2018/2/7,3.9,3.8569999999999998,3.9,3.844,0.16%,2.571
2018/2/8,3.867,3.842,3.867,3.8369999999999997,-0.39%,2.572
2018/2/9,3.8680000000000003,3.852,3.8680000000000003,3.825,0.26%,2.589
2018/2/11,3.852,3.838,3.852,3.824,-0.36%,2.608
2018/2/12,3.845,3.83,3.845,3.8280000000000003,-0.21%,2.585
2018/2/13,3.835,3.83,3.835,3.818,0.00%,2.587
2018/2/14,3.83,3.8310000000000004,3.8489999999999998,3.83,0.03%,2.723
2018/2/18,3.8310000000000004,3.8310000000000004,3.8310000000000004,3.8310000000000004,0.00%,2.723
2018/2/22,3.88,3.82,3.88,3.815,-0.29%,2.631
2018/2/23,3.82,3.83,3.843,3.82,0.26%,2.597
2018/2/24,3.83,3.8339999999999996,3.852,3.823,0.10%,2.56
2018/2/26,3.85,3.8169999999999997,3.85,3.8169999999999997,-0.44%,2.571
2018/2/27,3.8160000000000003,3.793,3.819,3.781,-0.63%,2.561
2018/2/28,3.793,3.759,3.793,3.759,-0.90%,2.708
2018/3/1,3.762,3.72,3.7710000000000004,3.713,-1.04%,2.691
2018/3/2,3.7230000000000003,3.733,3.753,3.705,0.35%,2.773
2018/3/5,3.78,3.74,3.78,3.74,0.19%,2.652
2018/3/6,3.75,3.745,3.775,3.736,0.13%,2.617
2018/3/7,3.77,3.753,3.77,3.7510000000000003,0.21%,2.592
2018/3/8,3.7739999999999996,3.733,3.7739999999999996,3.733,-0.53%,2.57
2018/3/9,3.7430000000000003,3.7110000000000003,3.7430000000000003,3.7110000000000003,-0.59%,2.573
2018/3/12,3.72,3.69,3.72,3.685,-0.57%,2.586
2018/3/13,3.71,3.7030000000000003,3.71,3.693,0.35%,2.637
2018/3/14,3.715,3.7089999999999996,3.715,3.7030000000000003,0.16%,2.633
2018/3/15,3.728,3.7060000000000004,3.728,3.694,-0.08%,2.632
2018/3/16,3.71,3.7110000000000003,3.722,3.707,0.13%,2.586
2018/3/19,3.78,3.697,3.78,3.68,-0.38%,2.561
2018/3/20,3.785,3.6889999999999996,3.785,3.68,-0.22%,2.558
2018/3/21,3.72,3.69,3.72,3.685,0.03%,2.559
2018/3/22,3.71,3.693,3.71,3.693,0.08%,2.549
2018/3/23,3.655,3.653,3.67,3.65,-1.08%,2.545
2018/3/26,3.65,3.63,3.65,3.613,-0.63%,2.543
2018/3/27,3.675,3.657,3.675,3.653,0.74%,2.5935
2018/3/28,3.673,3.66,3.673,3.655,0.08%,2.592
2018/3/29,3.675,3.67,3.685,3.668,0.27%,2.581
2018/3/30,3.7,3.69,3.7,3.673,0.54%,2.69
2018/4/2,3.7,3.668,3.7,3.668,-0.60%,2.622
2018/4/3,3.66,3.6630000000000003,3.665,3.638,-0.14%,2.574
2018/4/4,3.65,3.65,3.65,3.65,-0.35%,2.469
2018/4/7,3.65,3.65,3.65,3.65,0.00%,2.469
2018/4/8,3.65,3.7,3.7,3.65,1.37%,2.446
2018/4/9,3.65,3.6310000000000002,3.67,3.623,-1.86%,2.528
2018/4/10,3.645,3.605,3.645,3.605,-0.72%,2.551
2018/4/11,3.645,3.608,3.645,3.608,0.08%,2.561
2018/4/12,3.6180000000000003,3.57,3.6180000000000003,3.57,-1.05%,2.557
2018/4/13,3.59,3.54,3.603,3.54,-0.84%,2.557
2018/4/16,3.55,3.472,3.55,3.46,-1.92%,2.582
2018/4/17,3.47,3.395,3.483,3.395,-2.22%,2.665
2018/4/18,3.4,3.327,3.4,3.3,-2.00%,2.679
2018/4/19,3.2,3.1830000000000003,3.201,3.178,-4.33%,2.733
2018/4/20,3.221,3.242,3.242,3.215,1.85%,2.747
2018/4/23,3.2689999999999997,3.22,3.2689999999999997,3.213,-0.68%,2.724
2018/4/24,3.235,3.197,3.253,3.197,-0.71%,2.736
2018/4/25,3.195,3.2,3.21,3.17,0.09%,2.728
2018/4/26,3.2,3.2030000000000003,3.25,3.167,0.09%,2.765
2018/4/27,3.177,3.187,3.187,3.17,-0.50%,2.921
2018/4/28,3.187,3.175,3.187,3.175,-0.38%,2.824
2018/5/2,3.2,3.127,3.2,3.127,-1.51%,2.72
2018/5/3,3.17,3.13,3.17,3.123,0.10%,2.681
2018/5/4,3.142,3.105,3.182,3.105,-0.80%,2.594
2018/5/7,3.1,3.068,3.1,3.065,-1.19%,2.582
2018/5/8,3.08,3.053,3.085,3.053,-0.49%,2.575
2018/5/9,3.07,3.065,3.07,3.065,0.39%,2.52
2018/5/10,3.12,3.0639999999999996,3.12,3.062,-0.03%,2.509
2018/5/11,3.089,3.06,3.089,3.06,-0.13%,2.487
2018/5/14,3.1,3.051,3.1,3.051,-0.29%,2.58
2018/5/15,3.0810000000000004,3.1010000000000004,3.1289999999999996,3.0810000000000004,1.64%,2.641
2018/5/16,3.128,3.14,3.1489999999999996,3.1210000000000004,1.26%,2.766
2018/5/17,3.173,3.1919999999999997,3.202,3.173,1.66%,2.597
2018/5/18,3.202,3.258,3.261,3.202,2.07%,2.563
2018/5/20,3.258,3.258,3.258,3.258,0.00%,2.563
2018/5/21,3.273,3.293,3.3,3.273,1.07%,2.527
2018/5/22,3.299,3.2710000000000004,3.299,3.2710000000000004,-0.67%,2.525
2018/5/23,3.287,3.255,3.287,3.255,-0.49%,2.53
2018/5/24,3.24,3.227,3.24,3.2230000000000003,-0.86%,2.53
2018/5/25,3.21,3.2310000000000003,3.2310000000000003,3.21,0.12%,2.528
2018/5/28,3.42,3.427,3.43,3.42,6.07%,2.533
2018/5/29,3.427,3.44,3.45,3.418,0.38%,2.742
2018/5/30,3.443,3.447,3.45,3.4330000000000003,0.20%,2.884
2018/5/31,3.467,3.452,3.467,3.443,0.15%,2.831
2018/6/1,3.467,3.4619999999999997,3.467,3.438,0.29%,2.801
2018/6/4,3.48,3.4810000000000003,3.4819999999999998,3.4789999999999996,0.55%,2.599
2018/6/5,3.4810000000000003,3.485,3.4960000000000004,3.478,0.11%,2.584
2018/6/6,3.525,3.503,3.525,3.485,0.52%,2.562
2018/6/7,3.515,3.522,3.545,3.502,0.54%,2.555
2018/6/8,3.55,3.51,3.55,3.45,-0.34%,2.563
2018/6/11,3.5,3.49,3.5,3.475,-0.57%,2.573
2018/6/12,3.5,3.511,3.513,3.4939999999999998,0.60%,2.584
2018/6/13,3.5180000000000002,3.545,3.545,3.5180000000000002,0.97%,2.589
2018/6/14,3.58,3.5069999999999997,3.58,3.5069999999999997,-1.07%,2.591
2018/6/15,3.517,3.492,3.54,3.478,-0.43%,2.592
2018/6/19,3.5,3.45,3.5,3.45,-1.20%,2.59
2018/6/20,3.465,3.467,3.472,3.43,0.49%,2.619
2018/6/21,3.4819999999999998,3.452,3.4819999999999998,3.45,-0.43%,2.593
2018/6/22,3.5,3.4560000000000004,3.5,3.443,0.12%,2.586
2018/6/25,3.5,3.45,3.5,3.437,-0.17%,2.564
2018/6/26,3.452,3.457,3.465,3.452,0.20%,2.518
2018/6/27,3.487,3.4389999999999996,3.487,3.4389999999999996,-0.52%,2.445
2018/6/28,3.472,3.435,3.472,3.429,-0.12%,2.289
2018/6/29,3.475,3.41,3.475,3.41,-0.73%,2.628
2018/7/2,3.45,3.347,3.45,3.347,-1.85%,2.519
2018/7/3,3.4219999999999997,3.346,3.4219999999999997,3.342,-0.03%,2.42
2018/7/4,3.372,3.345,3.372,3.345,-0.03%,2.199
2018/7/5,3.36,3.34,3.373,3.322,-0.15%,2.132
2018/7/6,3.36,3.335,3.36,3.325,-0.15%,1.967
2018/7/9,3.36,3.35,3.36,3.339,0.45%,1.991
2018/7/10,3.36,3.377,3.38,3.36,0.81%,2.308
2018/7/11,3.365,3.37,3.38,3.365,-0.21%,2.406
2018/7/12,3.38,3.34,3.38,3.3369999999999997,-0.89%,2.487
2018/7/13,3.367,3.32,3.367,3.305,-0.60%,2.48
2018/7/16,3.36,3.286,3.36,3.265,-1.02%,2.557
2018/7/17,3.3280000000000003,3.285,3.3280000000000003,3.28,-0.03%,2.591
2018/7/18,3.339,3.2880000000000003,3.339,3.285,0.09%,2.525
2018/7/19,3.3160000000000003,3.2910000000000004,3.3160000000000003,3.278,0.09%,2.416
2018/7/20,3.302,3.2960000000000003,3.302,3.263,0.15%,2.346
2018/7/23,3.35,3.2889999999999997,3.35,3.2880000000000003,-0.21%,2.362
2018/7/24,3.3289999999999997,3.3080000000000003,3.3369999999999997,3.283,0.58%,2.353
2018/7/25,3.355,3.303,3.355,3.278,-0.15%,2.349
2018/7/26,3.3339999999999996,3.3,3.3339999999999996,3.273,-0.09%,2.321
2018/7/27,3.3510000000000004,3.28,3.3510000000000004,3.265,-0.61%,2.284
2018/7/30,3.3,3.2569999999999997,3.3,3.2569999999999997,-0.70%,2.198
2018/7/31,3.2739999999999996,3.227,3.2739999999999996,3.2230000000000003,-0.92%,2.066
2018/8/1,3.2739999999999996,3.2030000000000003,3.2739999999999996,3.197,-0.74%,2.028
2018/8/2,3.2089999999999996,3.173,3.23,3.168,-0.94%,1.97
2018/8/3,3.235,3.18,3.235,3.18,0.22%,1.849
2018/8/6,3.18,3.16,3.187,3.158,-0.63%,1.819
2018/8/7,3.205,3.181,3.205,3.179,0.66%,1.613
2018/8/8,3.187,3.194,3.194,3.178,0.41%,1.422
2018/8/9,3.2060000000000004,3.2510000000000003,3.265,3.2060000000000004,1.78%,1.622
2018/8/10,3.2680000000000002,3.295,3.2960000000000003,3.2680000000000002,1.35%,1.826
2018/8/13,3.3,3.323,3.326,3.3,0.85%,2.113
2018/8/14,3.324,3.35,3.3539999999999996,3.324,0.81%,2.328
2018/8/15,3.3560000000000003,3.34,3.3560000000000003,3.338,-0.30%,2.345
2018/8/16,3.35,3.343,3.3539999999999996,3.343,0.09%,2.511
2018/8/17,3.3710000000000004,3.383,3.4,3.3710000000000004,1.20%,2.58
2018/8/20,3.4,3.423,3.445,3.4,1.18%,2.625
2018/8/21,3.4330000000000003,3.468,3.4730000000000003,3.43,1.31%,2.636
2018/8/22,3.467,3.477,3.49,3.463,0.26%,2.538
2018/8/23,3.49,3.438,3.49,3.438,-1.12%,2.454
2018/8/24,3.46,3.43,3.46,3.43,-0.23%,2.392
2018/8/27,3.45,3.437,3.45,3.425,0.20%,2.44
2018/8/28,3.447,3.428,3.447,3.428,-0.26%,2.4255
2018/8/29,3.467,3.43,3.467,3.43,0.06%,2.3895
2018/8/30,3.44,3.425,3.44,3.425,-0.15%,2.277
2018/8/31,3.448,3.386,3.448,3.38,-1.14%,2.309
2018/9/3,3.38,3.383,3.39,3.358,-0.09%,2.277
2018/9/4,3.385,3.408,3.41,3.385,0.74%,2.195
2018/9/5,3.42,3.415,3.424,3.406,0.21%,2.164
2018/9/6,3.431,3.4330000000000003,3.4330000000000003,3.405,0.53%,2.494
2018/9/7,3.452,3.463,3.4730000000000003,3.447,0.87%,2.591
2018/9/10,3.52,3.48,3.52,3.45,0.49%,2.573
2018/9/11,3.4930000000000003,3.511,3.513,3.487,0.89%,2.59
2018/9/12,3.517,3.533,3.533,3.517,0.63%,2.557
2018/9/13,3.56,3.535,3.56,3.5269999999999997,0.06%,2.53
2018/9/14,3.5469999999999997,3.51,3.5469999999999997,3.51,-0.71%,2.489
2018/9/17,3.5,3.503,3.514,3.48,-0.20%,2.466
2018/9/18,3.532,3.5069999999999997,3.532,3.49,0.11%,2.654
2018/9/19,3.525,3.509,3.525,3.495,0.06%,2.562
2018/9/20,3.515,3.509,3.5180000000000002,3.498,0.00%,2.519
2018/9/21,3.525,3.516,3.54,3.515,0.20%,2.514
2018/9/25,3.55,3.511,3.55,3.5,-0.14%,2.543
2018/9/26,3.53,3.4939999999999998,3.53,3.4939999999999998,-0.48%,2.553
2018/9/27,3.497,3.488,3.5069999999999997,3.475,-0.17%,2.46
2018/9/28,3.51,3.483,3.51,3.4819999999999998,-0.14%,2.445
2018/9/29,3.497,3.465,3.497,3.46,-0.52%,2.073
2018/9/30,3.47,3.47,3.47,3.47,0.14%,2.653
2018/10/8,3.46,3.445,3.4619999999999997,3.44,-0.72%,2.536
2018/10/9,3.4819999999999998,3.447,3.4819999999999998,3.444,0.06%,2.502
2018/10/10,3.446,3.423,3.4610000000000003,3.423,-0.70%,2.398
2018/10/11,3.463,3.4210000000000003,3.463,3.408,-0.06%,2.36
2018/10/12,3.4530000000000003,3.405,3.4530000000000003,3.378,-0.47%,2.439
2018/10/15,3.43,3.403,3.43,3.395,-0.06%,2.377
2018/10/16,3.4219999999999997,3.4219999999999997,3.424,3.4019999999999997,0.56%,2.373
2018/10/17,3.4219999999999997,3.405,3.429,3.405,-0.50%,2.353
2018/10/18,3.428,3.405,3.428,3.403,0.00%,2.427
2018/10/19,3.43,3.4,3.43,3.383,-0.15%,2.445
2018/10/22,3.41,3.4,3.41,3.395,0.00%,2.475
2018/10/23,3.43,3.42,3.437,3.42,0.59%,2.451
2018/10/24,3.4339999999999997,3.389,3.4339999999999997,3.388,-0.91%,2.393
2018/10/25,3.38,3.395,3.4010000000000002,3.38,0.18%,2.215
2018/10/26,3.415,3.383,3.415,3.383,-0.35%,2.067
2018/10/29,3.403,3.363,3.403,3.363,-0.59%,1.852
2018/10/30,3.398,3.36,3.398,3.345,-0.09%,1.566
2018/10/31,3.38,3.364,3.38,3.36,0.12%,2.37
2018/11/1,3.3810000000000002,3.355,3.3810000000000002,3.353,-0.27%,2.547
2018/11/2,3.377,3.365,3.377,3.365,0.30%,2.477
2018/11/5,3.42,3.378,3.42,3.378,0.39%,2.4345
2018/11/6,3.395,3.361,3.395,3.361,-0.50%,2.27
2018/11/7,3.388,3.353,3.388,3.353,-0.24%,2.0906
2018/11/8,3.388,3.3289999999999997,3.388,3.3289999999999997,-0.72%,1.978
2018/11/9,3.3139999999999996,3.33,3.3360000000000003,3.3139999999999996,0.03%,2.038
2018/11/12,3.33,3.303,3.33,3.293,-0.81%,2.309
2018/11/13,3.38,3.302,3.38,3.302,-0.03%,2.468
2018/11/14,3.323,3.235,3.323,3.235,-2.03%,2.325
2018/11/15,3.2960000000000003,3.1830000000000003,3.2960000000000003,3.1830000000000003,-1.61%,2.339
2018/11/16,3.185,3.135,3.185,3.13,-1.51%,2.345
2018/11/17,3.135,3.135,3.135,3.135,0.00%,2.345
2018/11/18,3.13,3.13,3.13,3.13,-0.16%,2.345
2018/11/19,3.13,3.157,3.157,3.13,0.86%,2.551
2018/11/20,3.157,3.178,3.178,3.157,0.67%,2.609
2018/11/21,3.1919999999999997,3.208,3.213,3.175,0.94%,2.579
2018/11/22,3.22,3.207,3.22,3.2,-0.03%,2.456
2018/11/23,3.213,3.208,3.217,3.19,0.03%,2.356
2018/11/26,3.22,3.208,3.225,3.18,0.00%,2.498
2018/11/27,3.216,3.205,3.216,3.195,-0.09%,2.556
2018/11/28,3.2089999999999996,3.2,3.2089999999999996,3.196,-0.16%,2.539
2018/11/29,3.21,3.1889999999999996,3.21,3.187,-0.34%,2.262
2018/11/30,3.2030000000000003,3.168,3.2030000000000003,3.1630000000000003,-0.66%,2.642
2018/12/1,3.177,3.177,3.177,3.177,0.28%,2.642
2018/12/2,3.13,3.13,3.13,3.13,-1.48%,2.642
2018/12/3,3.17,3.137,3.2,3.13,0.22%,2.515
2018/12/4,3.155,3.115,3.155,3.115,-0.70%,2.445
2018/12/5,3.1289999999999996,3.097,3.1289999999999996,3.093,-0.58%,2.267
2018/12/6,3.123,3.097,3.123,3.09,0.00%,2.418
2018/12/7,3.1,3.09,3.1,3.077,-0.23%,2.416
2018/12/10,3.05,3.0380000000000003,3.05,3.025,-1.68%,2.453
2018/12/11,3.055,3.013,3.055,3.002,-0.82%,2.463
2018/12/12,3.023,3.015,3.025,3.01,0.07%,2.424
2018/12/13,3.031,3.051,3.0660000000000003,3.03,1.19%,2.519
2018/12/14,3.0580000000000003,3.068,3.095,3.048,0.56%,2.655
2018/12/17,3.1,3.074,3.1,3.074,0.20%,2.625
2018/12/18,3.097,3.0980000000000003,3.123,3.062,0.78%,2.669
2018/12/19,3.09,3.063,3.09,3.063,-1.13%,2.654
2018/12/20,3.071,3.063,3.071,3.053,0.00%,2.567
2018/12/21,3.0980000000000003,3.075,3.0980000000000003,3.045,0.39%,2.486
2018/12/24,3.1,3.083,3.1,3.065,0.26%,2.316
2018/12/25,3.0869999999999997,3.094,3.094,3.075,0.36%,2.028
2018/12/26,3.093,3.089,3.093,3.089,-0.16%,2.029
2018/12/27,3.1,3.097,3.1,3.076,0.26%,1.793
2018/12/28,3.063,3.014,3.063,3.014,-2.68%,1.47
2019/1/2,3.0,2.966,3.0,2.96,-1.59%,2.3
2019/1/3,2.965,2.95,2.97,2.937,-0.54%,1.968
2019/1/4,2.977,2.963,2.977,2.928,0.44%,1.649
2019/1/7,2.97,2.925,2.97,2.92,-1.28%,1.447
2019/1/8,2.94,2.93,2.947,2.923,0.17%,1.414
2019/1/9,2.947,2.8930000000000002,2.947,2.878,-1.26%,1.567
2019/1/10,2.9130000000000003,2.9010000000000002,2.9130000000000003,2.891,0.28%,1.743
2019/1/11,2.911,2.909,2.918,2.909,0.28%,1.708
2019/1/14,2.95,2.944,2.95,2.9339999999999997,1.20%,1.878
2019/1/15,2.9419999999999997,2.951,2.968,2.93,0.24%,2.245
2019/1/16,2.967,2.93,2.967,2.923,-0.71%,2.306
2019/1/17,2.95,2.89,2.95,2.89,-1.37%,2.259
2019/1/18,2.945,2.92,2.945,2.9130000000000003,1.04%,2.1785
2019/1/21,2.9610000000000003,2.928,2.9610000000000003,2.92,0.27%,2.24
2019/1/22,3.02,2.945,3.02,2.943,0.58%,2.243
2019/1/23,2.965,2.957,2.965,2.94,0.41%,2.244
2019/1/24,2.9619999999999997,2.935,2.9619999999999997,2.935,-0.74%,2.263
2019/1/25,2.95,2.937,2.97,2.937,0.07%,2.362
2019/1/28,3.01,2.96,3.01,2.96,0.78%,2.194
2019/1/29,2.975,2.9560000000000004,2.977,2.9560000000000004,-0.14%,2.078
2019/1/30,2.9819999999999998,2.928,2.9819999999999998,2.928,-0.95%,2.0021
2019/1/31,2.94,2.923,2.9530000000000003,2.923,-0.17%,2.238
2019/2/1,2.925,2.908,2.938,2.908,-0.51%,2.1
2019/2/2,2.92,2.92,2.92,2.92,0.41%,2.1
2019/2/11,2.911,2.8680000000000003,2.911,2.8680000000000003,-1.78%,2.265
2019/2/12,2.93,2.87,2.93,2.867,0.07%,2.017
2019/2/13,2.886,2.859,2.886,2.859,-0.38%,1.722
2019/2/14,2.883,2.8760000000000003,2.883,2.84,0.59%,1.721
2019/2/15,2.89,2.8739999999999997,2.89,2.873,-0.07%,1.713
2019/2/18,2.93,2.891,2.93,2.878,0.59%,1.8224
2019/2/19,2.898,2.903,2.9130000000000003,2.898,0.42%,1.967
2019/2/20,2.91,2.906,2.9139999999999997,2.892,0.10%,1.854
2019/2/21,2.924,2.906,2.924,2.906,0.00%,2.03
2019/2/22,2.9339999999999997,2.923,2.94,2.923,0.59%,2.431
2019/2/25,2.95,2.929,2.95,2.928,0.21%,2.605
2019/2/26,2.975,3.0069999999999997,3.025,2.975,2.66%,2.705
2019/2/27,3.017,3.023,3.04,3.017,0.53%,2.654
2019/2/28,3.065,3.033,3.065,3.023,0.33%,2.584
2019/3/1,3.06,3.05,3.06,3.037,0.56%,2.155
2019/3/4,3.12,3.06,3.12,3.06,0.33%,1.933
2019/3/5,3.0869999999999997,3.0660000000000003,3.095,3.0660000000000003,0.20%,2.266
2019/3/6,3.076,3.077,3.088,3.076,0.36%,2.074
2019/3/7,3.095,3.053,3.095,3.053,-0.78%,2.06
2019/3/8,3.053,3.023,3.057,3.023,-0.98%,2.047
2019/3/11,3.04,3.02,3.04,3.02,-0.10%,2.092
2019/3/12,3.037,3.04,3.05,3.033,0.66%,2.365
2019/3/13,3.0469999999999997,3.035,3.055,3.035,-0.16%,2.079
2019/3/14,3.0580000000000003,3.049,3.0639999999999996,3.049,0.46%,2.31
2019/3/15,3.055,3.023,3.103,3.01,-0.85%,2.655
2019/3/18,3.016,3.043,3.05,3.012,0.66%,2.756
2019/3/19,3.043,3.0410000000000004,3.0469999999999997,3.0410000000000004,-0.07%,2.666
2019/3/20,3.043,3.037,3.0669999999999997,3.037,-0.13%,2.714
2019/3/21,3.062,3.035,3.062,3.035,-0.07%,2.661
2019/3/22,3.06,3.0189999999999997,3.06,3.017,-0.53%,2.62
2019/3/25,3.05,3.008,3.05,3.008,-0.36%,2.535
2019/3/26,3.029,2.977,3.029,2.977,-1.03%,2.495
2019/3/27,2.997,2.969,2.997,2.969,-0.27%,2.286
2019/3/28,3.02,2.943,3.02,2.943,-0.88%,2.041
2019/3/29,2.969,2.9330000000000003,2.969,2.9330000000000003,-0.34%,2.486
2019/4/1,2.96,2.97,2.97,2.943,1.26%,2.315
2019/4/2,2.984,3.013,3.013,2.984,1.45%,1.956
2019/4/3,3.0,3.033,3.05,3.0,0.66%,1.663
2019/4/4,3.06,3.083,3.1,3.06,1.65%,1.417
2019/4/8,3.15,3.123,3.15,3.12,1.30%,1.428
2019/4/9,3.13,3.1630000000000003,3.167,3.12,1.28%,1.797
2019/4/10,3.2,3.193,3.2310000000000003,3.185,0.95%,2.278
2019/4/11,3.2110000000000003,3.157,3.2110000000000003,3.157,-1.13%,2.735
2019/4/12,3.205,3.1660000000000004,3.205,3.159,0.29%,2.652
2019/4/15,3.21,3.1919999999999997,3.21,3.173,0.82%,2.797
2019/4/16,3.21,3.221,3.2239999999999998,3.21,0.91%,2.883
2019/4/17,3.248,3.2560000000000002,3.2680000000000002,3.248,1.09%,2.998
2019/4/18,3.262,3.237,3.263,3.237,-0.58%,2.812
2019/4/19,3.2689999999999997,3.21,3.2689999999999997,3.21,-0.83%,2.661
2019/4/22,3.25,3.193,3.25,3.193,-0.53%,2.557
2019/4/23,3.2230000000000003,3.2060000000000004,3.2310000000000003,3.2060000000000004,0.41%,2.828
2019/4/24,3.214,3.233,3.233,3.214,0.84%,2.752
2019/4/25,3.26,3.228,3.28,3.22,-0.15%,2.785
2019/4/26,3.255,3.218,3.255,3.218,-0.31%,2.496
2019/4/28,3.19,3.19,3.19,3.19,-0.87%,2.496
2019/4/29,3.23,3.207,3.23,3.205,0.53%,1.7
2019/4/30,3.2539999999999996,3.2030000000000003,3.2539999999999996,3.2030000000000003,-0.12%,2.086
2019/5/6,3.22,3.175,3.22,3.175,-0.87%,1.642
2019/5/7,3.215,3.13,3.215,3.13,-1.42%,1.391
2019/5/8,3.18,3.1630000000000003,3.18,3.1630000000000003,1.05%,1.141
2019/5/9,3.16,3.153,3.1630000000000003,3.153,-0.32%,1.513
2019/5/10,3.145,3.137,3.145,3.137,-0.51%,1.826
2019/5/13,3.16,3.165,3.178,3.1519999999999997,0.89%,2.156
2019/5/14,3.165,3.159,3.168,3.157,-0.19%,2.4123
2019/5/15,3.1710000000000003,3.177,3.177,3.162,0.57%,2.5334
2019/5/16,3.177,3.175,3.19,3.1689999999999996,-0.06%,2.281
2019/5/17,3.185,3.1430000000000002,3.185,3.13,-1.01%,2.134
2019/5/20,3.2,3.168,3.2,3.1660000000000004,0.80%,2.5845
2019/5/21,3.1719999999999997,3.153,3.1719999999999997,3.153,-0.47%,2.75
2019/5/22,3.153,3.142,3.16,3.142,-0.35%,2.623
2019/5/23,3.16,3.1639999999999997,3.168,3.156,0.70%,2.584
2019/5/24,3.1710000000000003,3.138,3.1710000000000003,3.135,-0.82%,2.342
2019/5/27,3.18,3.1430000000000002,3.18,3.135,0.16%,2.666
2019/5/28,3.155,3.1660000000000004,3.167,3.148,0.73%,2.76
2019/5/29,3.176,3.128,3.176,3.117,-1.20%,2.491
2019/5/30,3.15,3.117,3.15,3.103,-0.35%,2.067
2019/5/31,3.1430000000000002,3.083,3.1430000000000002,3.08,-1.09%,2.194
2019/6/3,3.1,3.076,3.1,3.073,-0.23%,2.003
2019/6/4,3.093,3.055,3.093,3.055,-0.68%,1.738
2019/6/5,3.065,3.06,3.076,3.0580000000000003,0.16%,1.593
2019/6/6,3.073,3.068,3.073,3.0580000000000003,0.26%,1.521
2019/6/10,3.1,3.083,3.1,3.068,0.49%,1.848
2019/6/11,3.1,3.12,3.12,3.09,1.20%,2.053
2019/6/12,3.127,3.13,3.1430000000000002,3.113,0.32%,1.939
2019/6/13,3.15,3.112,3.15,3.11,-0.58%,1.924
2019/6/14,3.15,3.115,3.15,3.1,0.10%,1.723
2019/6/17,3.1,3.097,3.1,3.077,-0.58%,1.801
2019/6/18,3.097,3.073,3.097,3.073,-0.77%,1.601
2019/6/19,3.077,3.0580000000000003,3.077,3.05,-0.49%,1.447
2019/6/20,3.05,3.071,3.076,3.04,0.43%,1.253
2019/6/21,3.085,3.063,3.085,3.0580000000000003,-0.26%,1.112
2019/6/24,3.035,3.065,3.068,3.035,0.07%,1.0
2019/6/25,3.06,3.073,3.073,3.045,0.26%,1.023
2019/6/26,3.073,3.072,3.073,3.068,-0.03%,0.991
2019/6/27,3.075,3.0780000000000003,3.0780000000000003,3.075,0.20%,0.9615
2019/6/28,3.082,3.093,3.093,3.075,0.49%,1.3705
2019/7/1,3.06,3.071,3.08,3.055,-0.71%,1.065
2019/7/2,3.073,3.053,3.073,3.053,-0.59%,0.914
2019/7/3,3.05,3.022,3.05,3.009,-1.02%,0.877
2019/7/4,3.0269999999999997,3.0069999999999997,3.0269999999999997,2.998,-0.50%,0.844
2019/7/5,3.003,3.01,3.01,2.995,0.10%,1.055
2019/7/8,3.03,3.0180000000000002,3.03,3.0,0.27%,1.445
2019/7/9,3.03,3.043,3.045,3.028,0.83%,1.773
2019/7/10,3.045,3.0389999999999997,3.048,3.025,-0.13%,1.814
2019/7/11,3.0389999999999997,3.016,3.0389999999999997,3.014,-0.76%,1.998
2019/7/12,3.028,3.032,3.04,3.0269999999999997,0.53%,2.235
2019/7/15,3.01,3.025,3.033,3.01,-0.23%,2.6175
2019/7/16,3.0269999999999997,3.03,3.033,3.02,0.17%,2.725
2019/7/17,3.045,3.04,3.05,3.04,0.33%,2.711
2019/7/18,3.0389999999999997,3.034,3.0389999999999997,3.034,-0.20%,2.772
2019/7/19,3.036,3.0060000000000002,3.036,3.0060000000000002,-0.92%,2.827
2019/7/22,3.0,2.985,3.0,2.98,-0.70%,2.6698
2019/7/23,3.0,2.9989999999999997,3.009,2.96,0.47%,2.562
2019/7/24,2.9989999999999997,3.0,3.003,2.995,0.03%,2.481
2019/7/25,3.0,3.012,3.012,2.99,0.40%,2.628
2019/7/26,3.012,3.002,3.012,3.0010000000000003,-0.33%,2.636
2019/7/29,3.005,3.025,3.025,3.0,0.77%,2.629
2019/7/30,3.05,3.013,3.05,3.012,-0.40%,2.621
2019/7/31,2.99,3.0010000000000003,3.0069999999999997,2.984,-0.40%,2.642
2019/8/1,3.0180000000000002,2.9960000000000004,3.0180000000000002,2.9960000000000004,-0.17%,2.634
2019/8/2,2.9819999999999998,2.955,2.9819999999999998,2.95,-1.37%,2.634
2019/8/5,2.93,2.89,2.93,2.89,-2.20%,2.544
2019/8/6,2.88,2.9219999999999997,2.925,2.88,1.11%,2.261
2019/8/7,2.923,2.9219999999999997,2.927,2.9219999999999997,0.00%,2.22
2019/8/8,2.92,2.915,2.92,2.91,-0.24%,2.5
2019/8/9,2.92,2.898,2.92,2.885,-0.58%,2.596
2019/8/12,2.89,2.903,2.9130000000000003,2.89,0.17%,2.629
2019/8/13,2.903,2.888,2.903,2.888,-0.52%,2.667
2019/8/14,2.905,2.905,2.91,2.8930000000000002,0.59%,2.689
2019/8/15,2.903,2.903,2.908,2.898,-0.07%,2.659
2019/8/16,2.92,2.923,2.925,2.92,0.69%,2.665
2019/8/19,2.905,2.931,2.937,2.905,0.27%,2.666
2019/8/20,2.931,2.9139999999999997,2.931,2.9139999999999997,-0.58%,2.642
2019/8/21,2.918,2.93,2.931,2.908,0.55%,2.5832
2019/8/22,2.938,2.949,2.9530000000000003,2.938,0.65%,2.544
2019/8/23,2.958,2.94,2.958,2.9360000000000004,-0.31%,2.586
2019/8/26,2.93,2.9530000000000003,2.9539999999999997,2.93,0.44%,2.639
2019/8/27,2.951,2.937,2.951,2.935,-0.54%,2.677
2019/8/28,2.938,2.938,2.943,2.923,0.03%,2.609
2019/8/29,2.945,2.9130000000000003,2.945,2.912,-0.85%,2.478
2019/8/30,2.935,2.93,2.94,2.93,0.58%,2.572
2019/9/2,2.935,2.9530000000000003,2.9530000000000003,2.935,0.78%,2.55
2019/9/3,2.957,2.958,2.963,2.957,0.17%,2.513
2019/9/4,2.965,2.9610000000000003,2.968,2.9530000000000003,0.10%,2.445
2019/9/5,2.9539999999999997,2.9339999999999997,2.9539999999999997,2.93,-0.91%,2.536
2019/9/6,2.938,2.873,2.9419999999999997,2.87,-2.08%,2.597
2019/9/9,2.89,2.903,2.905,2.873,1.04%,2.607
2019/9/10,2.91,2.923,2.928,2.903,0.69%,2.553
2019/9/11,2.938,2.915,2.938,2.905,-0.27%,2.451
2019/9/12,2.925,2.935,2.95,2.9130000000000003,0.69%,2.369
2019/9/16,2.988,2.9539999999999997,3.0,2.93,0.65%,2.336
2019/9/17,2.964,2.9539999999999997,2.964,2.949,0.00%,2.565
2019/9/18,2.95,2.96,2.96,2.943,0.20%,2.633
2019/9/19,2.96,2.966,2.971,2.948,0.20%,2.737
2019/9/20,2.9760000000000004,2.969,2.9760000000000004,2.967,0.10%,2.746
2019/9/23,2.93,2.948,2.95,2.93,-0.71%,2.759
2019/9/24,2.946,2.946,2.955,2.943,-0.07%,2.369
2019/9/25,2.948,2.965,2.965,2.948,0.64%,2.046
2019/9/26,2.966,2.965,2.968,2.9619999999999997,0.00%,1.637
2019/9/27,2.966,2.963,2.966,2.958,-0.07%,1.313
2019/9/30,2.955,2.97,2.975,2.955,0.24%,2.635
2019/10/8,2.955,2.975,2.9789999999999996,2.948,0.17%,2.627
2019/10/9,2.975,2.9589999999999996,2.98,2.9589999999999996,-0.54%,2.202
2019/10/10,2.99,2.975,2.99,2.975,0.54%,2.016
2019/10/11,2.985,2.987,2.992,2.985,0.40%,1.911
2019/10/12,2.998,2.983,2.998,2.983,-0.13%,1.911
2019/10/14,3.01,3.003,3.016,3.0,0.67%,2.555
2019/10/15,3.01,3.002,3.012,3.0,-0.03%,2.703
2019/10/16,3.0060000000000002,3.01,3.02,2.978,0.27%,2.694
2019/10/17,3.0189999999999997,3.009,3.0189999999999997,2.9989999999999997,-0.03%,2.585
2019/10/18,3.0039999999999996,3.01,3.01,2.98,0.03%,2.618
2019/10/21,3.01,3.023,3.0239999999999996,2.991,0.43%,2.682
2019/10/22,3.0269999999999997,3.031,3.0410000000000004,3.0239999999999996,0.26%,2.799
2019/10/23,3.032,3.037,3.042,3.016,0.20%,2.654
2019/10/24,3.068,3.0389999999999997,3.068,3.0389999999999997,0.07%,2.446
2019/10/25,3.033,3.037,3.0389999999999997,3.023,-0.07%,2.506
2019/10/28,3.04,3.043,3.05,3.04,0.20%,2.478
2019/10/29,3.072,3.076,3.076,3.06,1.08%,2.368
2019/10/30,3.076,3.09,3.1,3.07,0.46%,2.303
2019/10/31,3.0780000000000003,3.068,3.08,3.065,-0.71%,2.59
2019/11/1,3.13,3.103,3.13,3.103,1.14%,2.301
2019/11/4,3.1,3.083,3.1,3.073,-0.64%,2.075
2019/11/5,3.0869999999999997,3.082,3.093,3.065,-0.03%,1.88
2019/11/6,3.089,3.0669999999999997,3.089,3.0589999999999997,-0.49%,1.788
2019/11/7,3.06,3.06,3.063,3.035,-0.23%,1.915
2019/11/8,3.09,3.085,3.09,3.074,0.82%,1.902
2019/11/11,3.05,3.035,3.05,3.035,-1.62%,2.033
2019/11/12,3.03,3.035,3.036,3.013,0.00%,2.376
2019/11/13,3.043,3.0469999999999997,3.06,3.04,0.40%,2.598
2019/11/14,3.07,3.053,3.07,3.049,0.20%,2.666
2019/11/15,3.04,3.0439999999999996,3.06,3.04,-0.29%,2.693
2019/11/18,3.04,3.03,3.05,3.0,-0.46%,2.707
2019/11/19,3.033,3.045,3.045,3.032,0.50%,2.343
2019/11/20,3.042,3.015,3.042,3.01,-0.99%,1.899
2019/11/21,3.0,2.949,3.0,2.94,-2.19%,1.849
2019/11/22,2.96,2.9730000000000003,2.98,2.96,0.81%,1.948
2019/11/25,2.958,2.9930000000000003,3.0,2.955,0.67%,2.234
2019/11/26,2.997,2.9930000000000003,3.003,2.985,0.00%,2.323
2019/11/27,3.01,3.008,3.012,3.0,0.50%,2.233
2019/11/28,3.01,2.9939999999999998,3.012,2.9939999999999998,-0.47%,2.078
2019/11/29,2.995,2.995,2.995,2.963,0.03%,2.356
2019/12/2,3.01,2.998,3.01,2.99,0.10%,2.233
2019/12/3,3.04,3.0180000000000002,3.04,3.015,0.67%,2.132
2019/12/4,2.98,3.0010000000000003,3.0010000000000003,2.96,-0.56%,1.971
2019/12/5,3.0,2.988,3.0069999999999997,2.986,-0.43%,1.906
2019/12/6,3.0069999999999997,2.985,3.0069999999999997,2.965,-0.10%,2.073
2019/12/9,3.05,2.9930000000000003,3.05,2.98,0.27%,2.345
2019/12/10,3.005,2.9989999999999997,3.005,2.987,0.20%,2.198
2019/12/11,3.017,2.995,3.017,2.97,-0.13%,2.081
2019/12/12,2.9989999999999997,2.963,2.9989999999999997,2.963,-1.07%,2.053
2019/12/13,2.9930000000000003,2.983,2.995,2.97,0.67%,2.133
2019/12/16,3.01,2.995,3.01,2.985,0.40%,2.437
2019/12/17,3.05,2.991,3.05,2.991,-0.13%,2.506
2019/12/18,3.005,3.0060000000000002,3.015,2.998,0.50%,2.485
2019/12/19,3.03,3.003,3.03,2.992,-0.10%,2.0575
2019/12/20,3.02,2.997,3.02,2.985,-0.20%,1.814
2019/12/23,2.948,2.9560000000000004,2.958,2.93,-1.37%,1.557
2019/12/24,2.95,2.9139999999999997,2.95,2.9139999999999997,-1.42%,1.114
2019/12/25,2.915,2.8989999999999996,2.917,2.8989999999999996,-0.51%,0.943
2019/12/26,2.91,2.88,2.91,2.85,-0.66%,0.848
2019/12/27,2.88,2.8539999999999996,2.88,2.85,-0.90%,1.075
2019/12/30,2.85,2.853,2.865,2.825,-0.04%,1.2
2019/12/31,2.825,2.82,2.825,2.82,-1.16%,1.694
2020/1/2,2.85,2.86,2.86,2.85,1.42%,1.4436
2020/1/3,2.9,2.88,2.9,2.88,0.70%,1.162
2020/1/6,2.9,2.865,2.9,2.845,-0.52%,1.003
2020/1/7,2.88,2.8710000000000004,2.887,2.87,0.21%,1.215
2020/1/8,2.87,2.841,2.87,2.84,-1.04%,1.553
2020/1/9,2.85,2.835,2.855,2.835,-0.21%,1.69
2020/1/10,2.84,2.835,2.863,2.835,0.00%,1.7722
2020/1/13,2.87,2.86,2.87,2.86,0.88%,2.059
2020/1/14,2.85,2.853,2.86,2.85,-0.24%,2.518
2020/1/15,2.86,2.8480000000000003,2.86,2.83,-0.18%,2.654
2020/1/16,2.865,2.863,2.865,2.853,0.53%,2.609
2020/1/17,2.88,2.8560000000000003,2.88,2.8489999999999998,-0.24%,2.522
2020/1/20,2.88,2.832,2.88,2.83,-0.84%,2.248
2020/1/21,2.81,2.8339999999999996,2.8339999999999996,2.7880000000000003,0.07%,1.885
2020/1/22,2.8339999999999996,2.813,2.8339999999999996,2.813,-0.74%,1.534
2020/1/23,2.74,2.745,2.745,2.73,-2.42%,2.444
2020/2/3,2.62,2.62,2.62,2.62,-4.55%,2.504
2020/2/4,2.7,2.718,2.718,2.6719999999999997,3.74%,2.273
2020/2/5,2.739,2.648,2.739,2.6439999999999997,-2.58%,2.051
2020/2/6,2.6519999999999997,2.635,2.6519999999999997,2.628,-0.49%,1.819
2020/2/7,2.6719999999999997,2.6060000000000003,2.6719999999999997,2.6060000000000003,-1.10%,1.793
2020/2/10,2.6,2.565,2.6,2.565,-1.57%,1.652
2020/2/11,2.57,2.575,2.575,2.56,0.39%,1.56
2020/2/12,2.585,2.588,2.588,2.585,0.50%,1.521
2020/2/13,2.605,2.59,2.605,2.585,0.08%,1.443
2020/2/14,2.5980000000000003,2.5980000000000003,2.5980000000000003,2.591,0.31%,1.256
2020/2/17,2.585,2.611,2.627,2.573,0.50%,1.425
2020/2/18,2.61,2.6260000000000003,2.634,2.61,0.57%,1.503
2020/2/19,2.633,2.62,2.648,2.614,-0.23%,1.626
2020/2/20,2.625,2.63,2.636,2.622,0.38%,1.403
2020/2/21,2.636,2.6289999999999996,2.6489999999999996,2.6289999999999996,-0.04%,1.355
2020/2/24,2.613,2.611,2.613,2.525,-0.68%,1.533
2020/2/25,2.615,2.593,2.627,2.593,-0.69%,1.602
2020/2/26,2.589,2.5860000000000003,2.602,2.515,-0.27%,1.499
2020/2/27,2.59,2.5669999999999997,2.594,2.545,-0.73%,1.347
2020/2/28,2.565,2.5269999999999997,2.565,2.5269999999999997,-1.56%,1.628
2020/3/2,2.469,2.529,2.529,2.355,0.08%,1.714
2020/3/3,2.5639999999999996,2.539,2.5639999999999996,2.539,0.40%,1.622
2020/3/4,2.54,2.505,2.54,2.505,-1.34%,1.462
2020/3/5,2.48,2.467,2.48,2.467,-1.52%,1.45
2020/3/6,2.52,2.52,2.52,2.52,2.15%,1.362
2020/3/9,2.4219999999999997,2.4219999999999997,2.4219999999999997,2.4219999999999997,-3.89%,1.588
2020/3/10,2.37,2.43,2.43,2.37,0.33%,2.014
2020/3/11,2.435,2.443,2.443,2.435,0.53%,2.118
2020/3/12,2.42,2.42,2.42,2.42,-0.94%,1.664
2020/3/13,2.41,2.42,2.43,2.41,0.00%,1.414
2020/3/16,2.44,2.478,2.48,2.43,2.40%,1.231
2020/3/17,2.49,2.4730000000000003,2.49,2.4730000000000003,-0.20%,1.083
2020/3/18,2.51,2.51,2.51,2.51,1.50%,0.963
2020/3/19,2.495,2.48,2.495,2.46,-1.20%,0.846
2020/3/20,2.49,2.4930000000000003,2.4930000000000003,2.49,0.52%,0.795
2020/3/23,2.5,2.495,2.5,2.495,0.08%,0.845
2020/3/24,2.46,2.445,2.46,2.445,-2.00%,0.814
2020/3/26,2.38,2.395,2.395,2.35,-2.04%,0.845
2020/3/27,2.39,2.39,2.39,2.39,-0.21%,1.104
2020/3/30,2.39,2.39,2.39,2.39,0.00%,1.374
2020/3/31,2.31,2.31,2.31,2.31,-3.35%,1.614
2020/4/1,2.32,2.283,2.32,2.283,-1.17%,1.403
2020/4/2,2.29,2.26,2.29,2.26,-1.01%,1.278
2020/4/3,2.272,2.2569999999999997,2.318,2.255,-0.13%,1.001
2020/4/6,2.21,2.246,2.246,2.103,-0.49%,1.001
2020/4/7,2.286,2.135,2.286,2.135,-4.94%,0.806
2020/4/8,2.05,2.01,2.11,2.005,-5.85%,0.893
2020/4/9,2.01,1.9980000000000002,2.013,1.985,-0.60%,1.182
2020/4/10,2.003,2.0269999999999997,2.042,2.003,1.45%,1.349
2020/4/13,2.03,2.042,2.0669999999999997,2.03,0.74%,1.378
2020/4/14,2.08,2.0180000000000002,2.08,2.005,-1.18%,0.994
2020/4/15,2.08,2.001,2.08,1.985,-0.84%,0.801
2020/4/16,2.04,1.9980000000000002,2.04,1.99,-0.15%,0.702
2020/4/17,1.9980000000000002,2.003,2.013,1.992,0.25%,0.716
2020/4/18,1.99,1.99,1.99,1.99,-0.65%,0.716
2020/4/20,2.065,2.016,2.065,1.98,1.31%,0.896
2020/4/21,2.022,1.973,2.037,1.973,-2.13%,0.901
2020/4/22,1.985,1.9180000000000001,2.003,1.9180000000000001,-2.79%,0.901
2020/4/23,1.9140000000000001,1.834,1.9269999999999998,1.834,-4.38%,0.893
2020/4/24,1.893,1.8519999999999999,1.895,1.8519999999999999,0.98%,0.912
2020/4/26,1.8219999999999998,1.827,1.827,1.8219999999999998,-1.32%,0.912
2020/4/27,1.86,1.8430000000000002,1.891,1.841,0.85%,0.874
2020/4/28,1.865,1.82,1.865,1.82,-1.25%,0.874
2020/4/29,1.827,1.7730000000000001,1.827,1.768,-2.58%,0.661
2020/4/30,1.805,1.7409999999999999,1.805,1.7409999999999999,-1.80%,1.888
2020/5/4,1.74,1.74,1.74,1.74,-0.06%,1.888
2020/5/6,1.75,1.79,1.8,1.75,2.87%,1.483
2020/5/7,1.807,1.8330000000000002,1.8630000000000002,1.801,2.40%,1.143
2020/5/8,1.8530000000000002,1.92,1.92,1.848,4.75%,0.938
2020/5/9,1.893,1.8969999999999998,1.8969999999999998,1.8880000000000001,-1.20%,0.85
2020/5/11,1.98,1.97,2.0,1.955,3.85%,0.876
2020/5/12,1.96,1.965,1.9669999999999999,1.96,-0.25%,0.803
2020/5/13,2.04,2.02,2.04,2.02,2.80%,0.705
2020/5/14,2.013,2.004,2.023,1.97,-0.79%,0.743
2020/5/15,1.9969999999999999,1.9469999999999998,2.003,1.9469999999999998,-2.84%,0.864
2020/5/18,2.02,2.03,2.04,1.995,4.26%,0.905
2020/5/19,2.07,2.097,2.097,2.063,3.30%,1.385
2020/5/20,2.093,2.123,2.13,2.093,1.24%,1.22
2020/5/21,2.11,2.14,2.14,2.105,0.80%,1.104
2020/5/22,2.127,2.0669999999999997,2.127,2.053,-3.41%,1.094
2020/5/25,2.08,2.12,2.13,2.075,2.56%,1.473
2020/5/26,2.137,2.2,2.207,2.127,3.77%,1.88
2020/5/27,2.217,2.254,2.2969999999999997,2.2,2.45%,2.104
2020/5/28,2.251,2.2569999999999997,2.27,2.2119999999999997,0.13%,2.102
2020/5/29,2.26,2.2430000000000003,2.26,2.242,-0.62%,2.097
2020/6/1,2.26,2.247,2.26,2.19,0.18%,1.629
2020/6/2,2.26,2.33,2.33,2.2430000000000003,3.69%,1.468
2020/6/3,2.345,2.3930000000000002,2.44,2.345,2.70%,1.885
2020/6/4,2.417,2.467,2.475,2.3819999999999997,3.09%,1.963
2020/6/5,2.475,2.545,2.545,2.4730000000000003,3.16%,1.582
2020/6/8,2.6,2.54,2.6,2.515,-0.20%,1.89
2020/6/9,2.535,2.501,2.535,2.483,-1.54%,1.833
2020/6/10,2.54,2.517,2.54,2.509,0.64%,1.849
2020/6/11,2.5269999999999997,2.4819999999999998,2.5269999999999997,2.48,-1.39%,1.757
2020/6/12,2.495,2.4730000000000003,2.508,2.452,-0.36%,1.529
2020/6/15,2.455,2.4930000000000003,2.5,2.43,0.81%,1.477
2020/6/16,2.6,2.597,2.6,2.565,4.17%,1.751
2020/6/17,2.595,2.62,2.62,2.593,0.89%,2.048
2020/6/18,2.62,2.635,2.66,2.593,0.57%,2.123
2020/6/19,2.65,2.62,2.67,2.605,-0.57%,2.131
2020/6/22,2.65,2.67,2.69,2.64,1.91%,2.133
2020/6/23,2.665,2.695,2.72,2.6630000000000003,0.94%,1.971
2020/6/24,2.7,2.613,2.7,2.613,-3.04%,1.54
2020/6/28,2.565,2.552,2.57,2.552,-2.35%,1.54
2020/6/29,2.64,2.573,2.64,2.563,0.84%,1.012
2020/6/30,2.615,2.573,2.625,2.571,0.00%,1.785
2020/7/1,2.63,2.57,2.63,2.555,-0.12%,1.967
2020/7/2,2.67,2.563,2.67,2.555,-0.27%,1.745
2020/7/3,2.56,2.583,2.615,2.56,0.78%,1.364
2020/7/6,2.65,2.705,2.705,2.6,4.72%,1.346
2020/7/7,2.775,2.81,2.85,2.773,3.88%,1.706
2020/7/8,2.845,2.813,2.85,2.795,0.11%,2.088
2020/7/9,2.9,2.905,2.923,2.89,3.27%,2.189
2020/7/10,2.975,2.823,2.975,2.823,-2.82%,2.197
2020/7/11,2.82,2.82,2.82,2.82,-0.11%,2.197
2020/7/13,2.86,2.885,2.895,2.85,2.30%,2.128
2020/7/14,2.9,2.8480000000000003,2.9,2.839,-1.28%,1.67
2020/7/15,2.9,2.8,2.9,2.77,-1.69%,2.022
2020/7/16,2.79,2.705,2.8,2.695,-3.39%,2.2465
2020/7/17,2.76,2.7230000000000003,2.76,2.707,0.67%,2.328
2020/7/20,2.73,2.7030000000000003,2.73,2.7,-0.73%,1.9565
2020/7/21,2.725,2.65,2.725,2.61,-1.96%,1.584
2020/7/22,2.69,2.6630000000000003,2.7,2.65,0.49%,1.336
2020/7/23,2.71,2.625,2.71,2.61,-1.43%,1.858
2020/7/24,2.657,2.62,2.6639999999999997,2.62,-0.19%,1.843
2020/7/27,2.68,2.623,2.68,2.605,0.11%,1.994
2020/7/28,2.65,2.6430000000000002,2.7,2.6430000000000002,0.76%,1.753
2020/7/29,2.65,2.67,2.7,2.65,1.02%,1.45
2020/7/30,2.75,2.67,2.75,2.67,0.00%,1.369
2020/7/31,2.687,2.68,2.7030000000000003,2.675,0.37%,1.788
2020/8/3,2.77,2.68,2.77,2.68,0.00%,1.57
2020/8/4,2.73,2.677,2.73,2.675,-0.11%,1.925
2020/8/5,2.71,2.715,2.75,2.6830000000000003,1.42%,1.69
2020/8/6,2.785,2.748,2.785,2.745,1.22%,1.661
2020/8/7,2.78,2.8169999999999997,2.85,2.78,2.51%,2.057
2020/8/10,2.88,2.81,2.88,2.805,-0.25%,2.129
2020/8/11,2.875,2.818,2.875,2.818,0.28%,2.201
2020/8/12,2.912,2.825,2.912,2.8169999999999997,0.25%,2.152
2020/8/13,2.9130000000000003,2.843,2.9130000000000003,2.8280000000000003,0.64%,2.162
2020/8/14,2.89,2.83,2.89,2.826,-0.46%,2.175
2020/8/17,2.885,2.799,2.885,2.799,-1.10%,2.128
2020/8/18,2.843,2.813,2.843,2.805,0.50%,2.115
2020/8/19,2.865,2.861,2.87,2.853,1.71%,2.148
2020/8/20,2.95,2.89,2.95,2.888,1.01%,2.172
2020/8/21,2.9130000000000003,2.88,2.9130000000000003,2.88,-0.35%,2.258
2020/8/24,2.95,2.886,2.95,2.863,0.21%,2.3595
2020/8/25,2.92,2.923,2.93,2.897,1.28%,1.969
2020/8/26,2.937,2.9539999999999997,2.9539999999999997,2.905,1.06%,1.63
2020/8/27,2.9960000000000004,2.9789999999999996,2.9960000000000004,2.97,0.85%,1.477
2020/8/28,3.0039999999999996,3.005,3.005,2.9960000000000004,0.87%,1.345
2020/8/31,3.05,2.975,3.05,2.9539999999999997,-1.00%,1.766
2020/9/1,3.035,2.9619999999999997,3.035,2.9619999999999997,-0.44%,2.104
2020/9/2,3.015,3.013,3.023,3.0,1.72%,2.094
2020/9/3,3.15,3.0780000000000003,3.15,3.065,2.16%,1.742
2020/9/4,3.11,3.077,3.11,3.065,-0.03%,2.052
2020/9/5,3.07,3.07,3.07,3.07,-0.23%,2.052
2020/9/7,3.18,3.1180000000000003,3.18,3.095,1.56%,2.088
2020/9/8,3.16,3.103,3.16,3.0989999999999998,-0.48%,2.051
2020/9/9,3.117,3.05,3.117,3.045,-1.71%,1.607
2020/9/10,3.05,3.02,3.053,2.9930000000000003,-0.98%,1.34
2020/9/11,3.05,3.022,3.05,2.998,0.07%,1.464
2020/9/14,3.095,3.0469999999999997,3.095,3.045,0.83%,1.607
2020/9/15,3.08,2.995,3.08,2.96,-1.71%,1.731
2020/9/16,3.02,2.984,3.02,2.983,-0.37%,1.404
2020/9/17,3.03,2.98,3.03,2.978,-0.13%,1.769
2020/9/18,3.01,2.957,3.01,2.957,-0.77%,2.101
2020/9/21,3.025,2.927,3.025,2.918,-1.01%,2.204
2020/9/22,2.988,2.915,2.988,2.91,-0.41%,2.286
2020/9/23,2.97,2.931,2.97,2.908,0.55%,1.884
2020/9/24,2.963,2.925,2.963,2.9130000000000003,-0.20%,1.424
2020/9/25,2.9610000000000003,2.965,2.965,2.94,1.37%,1.113
2020/9/27,2.8560000000000003,2.975,2.975,2.8560000000000003,0.34%,1.113
2020/9/28,3.08,2.98,3.08,2.97,0.17%,0.602
2020/9/29,2.988,2.99,3.013,2.9819999999999998,0.34%,0.913
2020/9/30,3.013,3.01,3.013,2.99,0.67%,2.361
2020/10/9,3.16,3.077,3.16,3.077,2.23%,2.038
2020/10/10,3.07,3.05,3.07,3.05,-0.88%,2.038
2020/10/12,3.135,3.105,3.135,3.1,1.80%,1.53
2020/10/13,3.134,3.073,3.134,3.07,-1.03%,1.7
2020/10/14,3.16,3.094,3.16,3.08,0.68%,1.962
2020/10/15,3.1510000000000002,3.1210000000000004,3.1510000000000002,3.11,0.87%,2.063
2020/10/16,3.17,3.128,3.17,3.1260000000000003,0.22%,2.017
2020/10/19,3.2,3.108,3.2,3.095,-0.64%,2.187
2020/10/20,3.15,3.1,3.15,3.085,-0.26%,2.162
2020/10/21,3.175,3.095,3.175,3.0780000000000003,-0.16%,1.988
2020/10/22,3.122,3.03,3.122,3.016,-2.10%,1.911
2020/10/23,3.1,3.051,3.1,3.045,0.69%,2.161
2020/10/26,3.15,3.055,3.15,3.04,0.13%,2.18
2020/10/27,3.135,3.032,3.135,3.023,-0.75%,2.38
2020/10/28,3.11,3.036,3.11,2.998,0.13%,2.379
2020/10/29,3.105,3.034,3.105,3.0210000000000004,-0.07%,2.125
2020/10/30,3.12,3.0410000000000004,3.12,3.025,0.23%,2.236
2020/11/2,3.1,3.033,3.1,3.0180000000000002,-0.26%,2.322
2020/11/3,3.11,3.02,3.11,3.0039999999999996,-0.43%,1.868
2020/11/4,3.1,3.03,3.1,3.0180000000000002,0.33%,1.449
2020/11/5,3.115,3.0389999999999997,3.115,3.0189999999999997,0.30%,1.377
2020/11/6,3.15,3.0780000000000003,3.15,3.065,1.28%,1.79
2020/11/9,3.15,3.1060000000000003,3.17,3.0989999999999998,0.91%,2.193
2020/11/10,3.2,3.103,3.2,3.094,-0.10%,2.333
2020/11/11,3.18,3.0989999999999998,3.18,3.076,-0.13%,2.314
2020/11/12,3.18,3.114,3.18,3.1,0.48%,2.521
2020/11/13,3.21,3.157,3.21,3.123,1.38%,2.523
2020/11/16,3.148,3.138,3.148,3.095,-0.60%,2.252
2020/11/17,3.2,3.1289999999999996,3.2,3.113,-0.29%,1.798
2020/11/18,3.153,3.1719999999999997,3.175,3.1289999999999996,1.37%,1.72
2020/11/19,3.193,3.213,3.213,3.167,1.29%,1.918
2020/11/20,3.233,3.195,3.233,3.182,-0.56%,1.959
2020/11/23,3.3,3.155,3.3,3.1430000000000002,-1.25%,1.839
2020/11/24,3.159,3.178,3.179,3.145,0.73%,1.828
2020/11/25,3.197,3.155,3.197,3.142,-0.72%,1.578
2020/11/26,3.173,3.162,3.173,3.13,0.22%,1.298
2020/11/27,3.182,3.1510000000000002,3.182,3.13,-0.35%,0.836
2020/11/30,3.21,3.07,3.21,3.063,-2.57%,1.115
2020/12/1,3.095,3.096,3.102,3.069,0.85%,0.764
2020/12/2,3.11,3.13,3.1319999999999997,3.0980000000000003,1.10%,0.742
2020/12/3,3.153,3.142,3.153,3.116,0.38%,0.901
2020/12/4,3.165,3.135,3.165,3.1180000000000003,-0.22%,1.086
2020/12/7,3.18,3.142,3.18,3.128,0.22%,1.366
2020/12/8,3.1639999999999997,3.117,3.1639999999999997,3.1060000000000003,-0.80%,1.302
2020/12/9,3.142,3.13,3.142,3.103,0.42%,1.065
2020/12/10,3.168,3.105,3.168,3.0980000000000003,-0.80%,0.979
2020/12/11,3.1189999999999998,3.138,3.138,3.105,1.06%,1.431
2020/12/14,3.23,3.1289999999999996,3.23,3.123,-0.29%,1.702
2020/12/15,3.155,3.094,3.155,3.09,-1.12%,1.403
2020/12/16,3.122,3.089,3.188,3.069,-0.16%,0.974
2020/12/17,3.116,3.093,3.116,3.08,0.13%,1.356
2020/12/18,3.113,3.1180000000000003,3.125,3.093,0.81%,1.723
2020/12/21,3.198,3.075,3.198,3.069,-1.38%,1.489
2020/12/22,3.0860000000000003,3.045,3.109,3.023,-0.98%,1.015
2020/12/23,3.0580000000000003,3.013,3.0580000000000003,3.012,-1.05%,0.623
2020/12/24,3.043,3.033,3.043,3.012,0.66%,0.609
2020/12/25,3.065,3.01,3.065,3.0069999999999997,-0.76%,0.793
2020/12/28,3.09,2.9989999999999997,3.09,2.98,-0.37%,0.673
2020/12/29,3.033,2.991,3.033,2.991,-0.27%,0.624
2020/12/30,3.0189999999999997,2.949,3.0189999999999997,2.937,-1.40%,0.644
2020/12/31,2.969,2.971,2.975,2.93,0.75%,1.093
2021/1/4,3.04,2.985,3.04,2.96,0.47%,0.899
2021/1/5,3.012,2.9539999999999997,3.012,2.951,-1.04%,0.729
2021/1/6,2.983,2.93,2.983,2.925,-0.81%,0.616
2021/1/7,2.9730000000000003,2.918,2.9730000000000003,2.9,-0.41%,0.921
2021/1/8,2.94,2.932,2.94,2.912,0.48%,0.965
2021/1/11,3.025,2.9530000000000003,3.025,2.946,0.72%,1.216
2021/1/12,2.978,2.948,2.978,2.944,-0.17%,1.333
2021/1/13,2.9619999999999997,2.888,2.9619999999999997,2.888,-2.04%,1.401
2021/1/14,2.931,2.911,2.931,2.886,0.80%,1.675
2021/1/15,2.91,2.935,2.938,2.8960000000000004,0.82%,1.738
2021/1/18,3.01,2.989,3.01,2.963,1.84%,2.125
2021/1/19,2.989,2.9730000000000003,3.003,2.9730000000000003,-0.54%,2.236
2021/1/20,3.0,2.9730000000000003,3.0010000000000003,2.966,0.00%,2.457
2021/1/21,2.9619999999999997,2.918,2.9619999999999997,2.908,-1.85%,2.573
2021/1/22,2.945,2.9389999999999996,2.948,2.9339999999999997,0.72%,2.436
2021/1/25,2.98,2.938,2.98,2.925,-0.03%,2.45
2021/1/26,2.983,2.99,3.0,2.955,1.77%,2.726
2021/1/27,3.012,2.9819999999999998,3.012,2.975,-0.27%,2.97
2021/1/28,3.012,3.022,3.022,2.998,1.34%,3.024
2021/1/29,3.04,3.032,3.04,3.008,0.33%,3.282
2021/2/1,3.05,2.9739999999999998,3.05,2.965,-1.91%,2.795
2021/2/2,3.005,2.997,3.013,2.983,0.77%,2.313
2021/2/3,3.017,3.045,3.048,2.9930000000000003,1.60%,1.859
2021/2/4,3.017,3.075,3.09,2.9930000000000003,0.99%,2.075
2021/2/5,3.15,3.0589999999999997,3.15,3.048,-0.52%,1.909
2021/2/7,3.05,3.043,3.05,3.035,-0.54%,1.909
2021/2/8,3.1,3.0780000000000003,3.1,3.068,1.17%,1.906
2021/2/9,3.0989999999999998,3.074,3.0989999999999998,3.063,-0.13%,1.772
2021/2/10,3.082,3.083,3.083,3.07,0.29%,1.925
2021/2/18,3.16,3.0980000000000003,3.16,3.093,0.49%,2.341
2021/2/19,3.1260000000000003,3.068,3.1260000000000003,3.0580000000000003,-0.97%,1.886
2021/2/20,3.0610000000000004,3.07,3.07,3.0610000000000004,0.07%,1.886
2021/2/22,3.1,3.07,3.1,3.0580000000000003,0.00%,1.512
2021/2/23,3.1,3.055,3.1,3.053,-0.49%,1.984
2021/2/24,3.073,3.045,3.073,3.032,-0.33%,1.512
2021/2/25,3.073,3.072,3.073,3.057,0.89%,1.703
2021/2/26,3.1630000000000003,3.072,3.1630000000000003,3.0580000000000003,0.00%,2.092
2021/3/1,3.115,3.0580000000000003,3.115,3.055,-0.46%,2.154
2021/3/2,3.076,3.0589999999999997,3.076,3.048,0.03%,1.775
2021/3/3,3.073,3.07,3.073,3.057,0.36%,1.471
2021/3/4,3.102,3.083,3.102,3.072,0.42%,1.926
2021/3/5,3.15,3.0780000000000003,3.15,3.056,-0.16%,1.565
2021/3/8,3.13,3.07,3.13,3.06,-0.26%,1.704
2021/3/9,3.108,3.077,3.108,3.065,0.23%,2.024
2021/3/10,3.0989999999999998,3.074,3.0989999999999998,3.07,-0.10%,1.747
2021/3/11,3.103,3.071,3.103,3.063,-0.10%,1.796
2021/3/12,3.11,3.082,3.11,3.069,0.36%,1.787
2021/3/15,3.17,3.0980000000000003,3.17,3.075,0.52%,2.245
2021/3/16,3.145,3.083,3.145,3.082,-0.48%,2.14
2021/3/17,3.12,3.082,3.133,3.082,-0.03%,1.968
2021/3/18,3.1069999999999998,3.0839999999999996,3.1069999999999998,3.083,0.06%,2.206
2021/3/19,3.09,3.072,3.09,3.07,-0.39%,2.135
2021/3/22,3.135,3.062,3.135,3.051,-0.33%,2.052
2021/3/23,3.083,3.048,3.083,3.048,-0.46%,1.976
2021/3/24,3.072,3.037,3.085,3.031,-0.36%,1.822
2021/3/25,3.05,3.03,3.057,3.028,-0.23%,2.029
2021/3/26,3.055,3.0380000000000003,3.056,3.03,0.26%,1.762
2021/3/29,3.1,3.0380000000000003,3.1,3.033,0.00%,1.814
2021/3/30,3.072,3.036,3.072,3.031,-0.07%,1.825
2021/3/31,3.057,3.025,3.057,3.023,-0.36%,2.124
2021/4/1,3.04,3.023,3.04,3.022,-0.07%,2.143
2021/4/2,3.15,3.03,3.15,3.013,0.23%,1.734
2021/4/6,3.1,3.043,3.1,3.035,0.43%,1.765
2021/4/7,3.103,3.0580000000000003,3.103,3.042,0.49%,1.824
2021/4/8,3.07,3.06,3.07,3.053,0.07%,1.76
2021/4/9,3.08,3.055,3.08,3.052,-0.16%,1.784
2021/4/12,3.115,3.0380000000000003,3.115,3.02,-0.56%,1.792
2021/4/13,3.076,2.977,3.076,2.977,-2.01%,1.781
2021/4/14,3.022,2.986,3.022,2.9819999999999998,0.30%,1.81
2021/4/15,3.022,2.99,3.022,2.984,0.13%,1.81
2021/4/16,3.012,2.984,3.012,2.983,-0.20%,1.946
2021/4/19,3.08,2.967,3.08,2.964,-0.57%,2.118
2021/4/20,2.9789999999999996,2.955,2.9789999999999996,2.955,-0.40%,1.854
2021/4/21,3.02,2.95,3.02,2.95,-0.17%,1.864
2021/4/22,2.995,2.957,2.995,2.9530000000000003,0.24%,2.127
2021/4/23,2.969,2.963,2.969,2.958,0.20%,1.942
2021/4/25,2.97,2.977,2.977,2.965,0.47%,1.942
2021/4/26,3.089,2.995,3.089,2.975,0.60%,2.075
2021/4/27,3.025,2.9960000000000004,3.025,2.99,0.03%,1.814
2021/4/28,3.031,2.9930000000000003,3.055,2.983,-0.10%,1.78
2021/4/29,3.03,2.98,3.03,2.9730000000000003,-0.43%,1.823
2021/4/30,3.005,2.964,3.005,2.948,-0.54%,2.285
2021/5/6,2.998,2.9410000000000003,2.998,2.938,-0.78%,2.097
2021/5/7,2.965,2.9389999999999996,2.965,2.929,-0.07%,1.779
2021/5/8,2.917,2.928,2.932,2.917,-0.39%,1.779
2021/5/10,2.965,2.9130000000000003,3.045,2.909,-0.50%,1.663
2021/5/11,2.969,2.9019999999999997,2.969,2.898,-0.38%,1.938
2021/5/12,2.95,2.91,2.95,2.89,0.28%,1.951
2021/5/13,2.923,2.927,2.9330000000000003,2.9160000000000004,0.58%,1.966
2021/5/14,2.943,2.9330000000000003,2.944,2.928,0.20%,1.805
2021/5/17,3.05,2.943,3.05,2.9389999999999996,0.34%,2.136
2021/5/18,2.9739999999999998,2.946,2.9739999999999998,2.9419999999999997,0.10%,2.119
2021/5/19,2.97,2.929,2.97,2.927,-0.58%,2.025
2021/5/20,2.9589999999999996,2.912,2.9589999999999996,2.911,-0.58%,2.092
2021/5/21,2.928,2.885,2.928,2.865,-0.93%,1.996
2021/5/22,2.8760000000000003,2.8760000000000003,2.8760000000000003,2.8760000000000003,-0.31%,1.996
2021/5/24,2.975,2.8930000000000002,2.975,2.8760000000000003,0.59%,2.171
2021/5/25,2.909,2.898,2.909,2.888,0.17%,2.194
2021/5/26,2.907,2.886,2.907,2.883,-0.41%,1.99
2021/5/27,2.891,2.9,2.9,2.886,0.49%,2.117
2021/5/28,2.938,2.92,2.938,2.9,0.69%,2.166
2021/5/31,3.033,2.9139999999999997,3.033,2.9,-0.21%,2.227
2021/6/1,2.943,2.909,2.943,2.904,-0.17%,2.187
2021/6/2,2.92,2.92,2.92,2.909,0.38%,2.04
2021/6/3,2.935,2.938,2.938,2.9160000000000004,0.62%,1.852
2021/6/4,2.935,2.944,2.944,2.925,0.20%,2.175
2021/6/7,3.033,2.983,3.033,2.975,1.32%,2.299
2021/6/8,3.0180000000000002,2.988,3.0180000000000002,2.9730000000000003,0.17%,2.193
2021/6/9,2.986,2.988,2.988,2.958,0.00%,2.188
2021/6/10,3.015,2.9739999999999998,3.015,2.966,-0.47%,1.892
2021/6/11,2.984,2.9819999999999998,2.984,2.9730000000000003,0.27%,1.998
2021/6/15,3.108,2.9960000000000004,3.108,2.95,0.47%,2.104
2021/6/16,3.003,2.992,3.003,2.984,-0.13%,2.006
2021/6/17,3.023,3.0010000000000003,3.023,2.983,0.30%,1.876
2021/6/18,3.03,2.985,3.03,2.9739999999999998,-0.53%,2.014
2021/6/21,3.015,2.96,3.015,2.94,-0.84%,2.247
2021/6/22,2.997,2.945,2.997,2.943,-0.51%,2.301
2021/6/23,3.01,2.9389999999999996,3.01,2.931,-0.20%,2.208
2021/6/24,2.967,2.9330000000000003,2.967,2.929,-0.20%,1.853
2021/6/25,2.9610000000000003,2.931,2.966,2.928,-0.07%,1.55
2021/6/28,3.05,2.9410000000000003,3.05,2.9189999999999996,0.34%,1.558
2021/6/29,2.969,2.943,2.969,2.938,0.07%,1.795
2021/6/30,2.97,2.9330000000000003,2.97,2.924,-0.34%,2.177
2021/7/1,2.964,2.938,2.964,2.923,0.17%,1.734
2021/7/2,2.958,2.946,2.958,2.929,0.27%,1.614
2021/7/5,2.97,2.928,2.97,2.923,-0.61%,1.665
2021/7/6,2.95,2.929,2.95,2.927,0.03%,1.908
2021/7/7,2.944,2.931,2.944,2.918,0.07%,2.068
2021/7/8,2.946,2.867,2.946,2.843,-2.18%,1.791
2021/7/9,2.9189999999999996,2.866,2.9189999999999996,2.864,-0.03%,2.206
2021/7/12,2.96,2.792,2.96,2.78,-2.58%,1.94
2021/7/13,2.833,2.7739999999999996,2.833,2.765,-0.64%,2.05
2021/7/14,2.82,2.7680000000000002,2.82,2.763,-0.22%,1.984
2021/7/15,2.76,2.785,2.79,2.76,0.61%,2.098
2021/7/16,2.827,2.784,2.827,2.772,-0.04%,2.115
2021/7/19,2.8560000000000003,2.786,2.8560000000000003,2.7689999999999997,0.07%,2.111
2021/7/20,2.7960000000000003,2.781,2.7960000000000003,2.779,-0.18%,2.178
2021/7/21,2.7960000000000003,2.74,2.7960000000000003,2.739,-1.47%,2.182
2021/7/22,2.763,2.75,2.763,2.7439999999999998,0.36%,2.114
2021/7/23,2.86,2.7289999999999996,2.86,2.7230000000000003,-0.76%,2.057
2021/7/26,2.73,2.6839999999999997,2.73,2.675,-1.65%,2.119
2021/7/27,2.738,2.719,2.738,2.6830000000000003,1.30%,2.27
2021/7/28,2.765,2.74,2.765,2.7060000000000004,0.77%,2.092
2021/7/29,2.803,2.718,2.803,2.715,-0.80%,1.644
2021/7/30,2.7880000000000003,2.673,2.7880000000000003,2.668,-1.66%,2.178
2021/8/2,2.7880000000000003,2.6430000000000002,2.7880000000000003,2.615,-1.12%,1.876
2021/8/3,2.699,2.667,2.699,2.6430000000000002,0.91%,1.836
2021/8/4,2.707,2.679,2.707,2.6719999999999997,0.45%,1.71
2021/8/5,2.7110000000000003,2.653,2.7110000000000003,2.637,-0.97%,1.709
2021/8/6,2.697,2.653,2.697,2.653,0.00%,1.859
2021/8/7,2.648,2.648,2.648,2.648,-0.21%,1.859
2021/8/9,2.697,2.719,2.72,2.653,2.70%,2.212
2021/8/10,2.82,2.713,2.82,2.713,-0.22%,2.25
2021/8/11,2.753,2.7260000000000004,2.753,2.717,0.48%,2.032
2021/8/12,2.783,2.7110000000000003,2.783,2.7030000000000003,-0.55%,1.94
2021/8/13,2.815,2.72,2.815,2.71,0.33%,2.176
2021/8/16,2.835,2.734,2.835,2.721,0.51%,2.105
2021/8/17,2.79,2.725,2.79,2.716,-0.33%,1.972
2021/8/18,2.742,2.6830000000000003,2.742,2.68,-1.54%,1.725
2021/8/19,2.745,2.6839999999999997,2.745,2.6689999999999996,0.04%,1.841
2021/8/20,2.708,2.6839999999999997,2.708,2.68,0.00%,2.042
2021/8/23,2.735,2.7060000000000004,2.735,2.69,0.82%,2.143
2021/8/24,2.7430000000000003,2.698,2.7430000000000003,2.6889999999999996,-0.30%,2.262
2021/8/25,2.81,2.6889999999999996,2.81,2.668,-0.33%,2.211
2021/8/26,2.707,2.707,2.707,2.688,0.67%,2.199
2021/8/27,2.74,2.697,2.74,2.688,-0.37%,2.092
2021/8/30,2.755,2.678,2.755,2.668,-0.70%,1.846
2021/8/31,2.73,2.6719999999999997,2.73,2.667,-0.22%,2.195
2021/9/1,2.778,2.635,2.778,2.63,-1.38%,2.122
2021/9/2,2.687,2.641,2.687,2.6310000000000002,0.23%,2.082
2021/9/3,2.678,2.6519999999999997,2.678,2.641,0.42%,1.943
2021/9/6,2.77,2.648,2.77,2.633,-0.15%,2.115
2021/9/7,2.6689999999999996,2.67,2.673,2.6510000000000002,0.83%,2.187
2021/9/8,2.7289999999999996,2.685,2.7289999999999996,2.673,0.56%,2.184
2021/9/9,2.7230000000000003,2.695,2.7230000000000003,2.685,0.37%,2.029
2021/9/10,2.72,2.708,2.72,2.69,0.48%,2.109
2021/9/13,2.805,2.715,2.805,2.69,0.26%,2.165
2021/9/14,2.7510000000000003,2.73,2.7510000000000003,2.716,0.55%,2.296
2021/9/15,2.755,2.735,2.755,2.72,0.18%,2.137
2021/9/16,2.785,2.734,2.785,2.7289999999999996,-0.04%,2.21
2021/9/17,2.7560000000000002,2.7239999999999998,2.7560000000000002,2.708,-0.37%,2.213
2021/9/18,2.71,2.7,2.715,2.7,-0.88%,2.213
2021/9/22,2.753,2.6889999999999996,2.753,2.6860000000000004,-0.41%,2.161
2021/9/23,2.7230000000000003,2.6919999999999997,2.7230000000000003,2.676,0.11%,2.035
2021/9/24,2.728,2.694,2.728,2.69,0.07%,1.695
2021/9/26,2.6830000000000003,2.68,2.6839999999999997,2.68,-0.52%,1.695
2021/9/27,2.778,2.69,2.778,2.68,0.37%,1.708
2021/9/28,2.719,2.708,2.719,2.693,0.67%,1.946
2021/9/29,2.7239999999999998,2.708,2.7239999999999998,2.698,0.00%,1.505
2021/9/30,2.7430000000000003,2.697,2.7430000000000003,2.69,-0.41%,2.22
2021/10/8,2.81,2.7230000000000003,2.81,2.71,0.96%,2.105
2021/10/9,2.715,2.7319999999999998,2.7319999999999998,2.715,0.33%,2.105
2021/10/11,2.81,2.781,2.81,2.75,1.79%,2.135
2021/10/12,2.8089999999999997,2.785,2.8089999999999997,2.77,0.14%,2.101
2021/10/13,2.805,2.803,2.805,2.783,0.65%,2.157
2021/10/14,2.8110000000000004,2.805,2.8110000000000004,2.793,0.07%,2.106
2021/10/15,2.823,2.861,2.861,2.79,2.00%,2.065
2021/10/18,2.9,2.885,2.9,2.8480000000000003,0.84%,2.131
2021/10/19,2.9130000000000003,2.863,2.9130000000000003,2.8480000000000003,-0.76%,2.223
2021/10/20,2.898,2.864,2.898,2.844,0.03%,2.104
2021/10/21,2.8810000000000002,2.8289999999999997,2.8810000000000002,2.82,-1.22%,1.683
2021/10/22,2.8710000000000004,2.843,2.8710000000000004,2.823,0.49%,1.672
2021/10/25,2.88,2.8339999999999996,2.88,2.8280000000000003,-0.32%,1.61
2021/10/26,2.863,2.8289999999999997,2.863,2.818,-0.18%,1.546
2021/10/27,2.845,2.827,2.845,2.826,-0.07%,1.921
2021/10/28,2.864,2.8280000000000003,2.864,2.824,0.04%,1.94
2021/10/29,2.8489999999999998,2.832,2.8489999999999998,2.823,0.14%,2.142
2021/11/1,2.93,2.801,2.93,2.795,-1.09%,2.03
2021/11/2,2.863,2.787,2.878,2.779,-0.50%,2.126
2021/11/3,2.8169999999999997,2.783,2.8169999999999997,2.7760000000000002,-0.14%,2.0
2021/11/4,2.807,2.7680000000000002,2.807,2.762,-0.54%,1.886
2021/11/5,2.7889999999999997,2.7230000000000003,2.7889999999999997,2.7230000000000003,-1.63%,1.887
2021/11/8,2.763,2.728,2.763,2.715,0.18%,1.897
2021/11/9,2.747,2.739,2.759,2.733,0.40%,2.137
2021/11/10,2.784,2.74,2.784,2.7239999999999998,0.04%,1.833
2021/11/11,2.755,2.76,2.76,2.742,0.73%,1.881
2021/11/12,2.787,2.763,2.787,2.7489999999999997,0.11%,1.856
2021/11/15,2.82,2.74,2.82,2.736,-0.83%,1.787
2021/11/16,2.773,2.741,2.773,2.735,0.04%,1.923
2021/11/17,2.7689999999999997,2.74,2.7689999999999997,2.738,-0.04%,2.152
2021/11/18,2.8,2.733,2.8,2.7230000000000003,-0.26%,1.932
2021/11/19,2.786,2.736,2.786,2.725,0.11%,1.998
2021/11/22,2.798,2.73,2.798,2.721,-0.22%,1.946
2021/11/23,2.78,2.728,2.78,2.7260000000000004,-0.07%,2.178
2021/11/24,2.758,2.7030000000000003,2.758,2.696,-0.92%,1.788
2021/11/25,2.7430000000000003,2.701,2.7430000000000003,2.693,-0.07%,1.823
2021/11/26,2.718,2.665,2.718,2.661,-1.33%,1.712
2021/11/29,2.71,2.67,2.71,2.665,0.19%,1.86
2021/11/30,2.6889999999999996,2.68,2.6889999999999996,2.674,0.37%,2.173
2021/12/1,2.701,2.693,2.701,2.68,0.49%,2.017
2021/12/2,2.725,2.722,2.725,2.693,1.08%,1.984
2021/12/3,2.745,2.74,2.745,2.721,0.66%,1.913
2021/12/6,2.8,2.682,2.8,2.677,-2.12%,1.817
2021/12/7,2.699,2.717,2.721,2.68,1.30%,2.13
2021/12/8,2.74,2.7230000000000003,2.74,2.7110000000000003,0.22%,2.151
2021/12/9,2.775,2.714,2.775,2.7089999999999996,-0.33%,2.154
2021/12/10,2.733,2.7,2.733,2.697,-0.52%,1.807
2021/12/13,2.77,2.7060000000000004,2.77,2.697,0.22%,2.108
2021/12/14,2.74,2.68,2.74,2.677,-0.96%,2.168
2021/12/15,2.715,2.678,2.715,2.6689999999999996,-0.07%,2.137
2021/12/16,2.7,2.699,2.7,2.68,0.78%,2.116
2021/12/17,2.73,2.6839999999999997,2.73,2.6839999999999997,-0.56%,1.862
2021/12/20,2.745,2.701,2.745,2.694,0.63%,1.994
2021/12/21,2.7230000000000003,2.7039999999999997,2.7230000000000003,2.701,0.11%,1.858
2021/12/22,2.714,2.685,2.714,2.6830000000000003,-0.70%,1.687
2021/12/23,2.7119999999999997,2.6510000000000002,2.7119999999999997,2.647,-1.27%,1.631
2021/12/24,2.678,2.66,2.678,2.647,0.34%,1.84
2021/12/27,2.705,2.638,2.705,2.63,-0.83%,1.778
2021/12/28,2.67,2.634,2.67,2.6310000000000002,-0.15%,1.616
2021/12/29,2.6519999999999997,2.608,2.6519999999999997,2.605,-0.99%,1.343
2021/12/30,2.628,2.597,2.628,2.58,-0.42%,1.276
2021/12/31,2.613,2.588,2.613,2.574,-0.35%,2.129
2022/1/4,2.64,2.583,2.64,2.575,-0.19%,1.925
2022/1/5,2.61,2.595,2.61,2.58,0.46%,1.777
2022/1/6,2.63,2.622,2.63,2.6039999999999996,1.04%,1.714
2022/1/7,2.648,2.6239999999999997,2.648,2.6180000000000003,0.08%,1.839
2022/1/10,2.68,2.591,2.68,2.585,-1.26%,1.878
2022/1/11,2.625,2.575,2.625,2.57,-0.62%,1.984
2022/1/12,2.595,2.568,2.595,2.563,-0.27%,1.972
2022/1/13,2.5980000000000003,2.568,2.5980000000000003,2.56,0.00%,2.218
2022/1/14,2.588,2.575,2.588,2.562,0.27%,2.209
2022/1/17,2.64,2.549,2.64,2.546,-1.01%,2.113
2022/1/18,2.585,2.478,2.585,2.475,-2.79%,1.921
2022/1/19,2.49,2.4419999999999997,2.49,2.426,-1.45%,2.035
2022/1/20,2.469,2.438,2.469,2.43,-0.16%,2.035
2022/1/21,2.469,2.398,2.469,2.3930000000000002,-1.64%,2.063
2022/1/24,2.46,2.3569999999999998,2.46,2.353,-1.71%,1.935
2022/1/25,2.3930000000000002,2.391,2.398,2.36,1.44%,1.931
2022/1/26,2.425,2.425,2.43,2.392,1.42%,1.74
2022/1/27,2.45,2.44,2.451,2.423,0.62%,1.614
2022/1/28,2.478,2.418,2.478,2.418,-0.90%,1.2
2022/1/29,2.385,2.39,2.395,2.3819999999999997,-1.16%,1.2
2022/1/30,2.396,2.384,2.396,2.3819999999999997,-0.27%,1.2
2022/2/7,2.487,2.404,2.487,2.403,0.86%,2.112
2022/2/8,2.428,2.41,2.428,2.398,0.25%,2.044
2022/2/9,2.438,2.4330000000000003,2.438,2.412,0.95%,1.728
2022/2/10,2.441,2.4419999999999997,2.4419999999999997,2.421,0.37%,1.673
2022/2/11,2.498,2.506,2.52,2.475,2.62%,1.812
2022/2/14,2.6,2.52,2.6,2.489,0.56%,1.866
2022/2/15,2.58,2.512,2.58,2.501,-0.32%,1.807
2022/2/16,2.559,2.5,2.559,2.498,-0.48%,1.942
2022/2/17,2.526,2.4819999999999998,2.526,2.478,-0.72%,1.855
2022/2/18,2.511,2.505,2.511,2.479,0.93%,2.11
2022/2/21,2.5,2.506,2.52,2.497,0.00%,2.195
